scheme_code,isin_growth,isin_div_reinv,scheme_name
103490,INF082J01036,,Quantum Value Fund - Direct Plan Growth Option
103734,INF082J01127,,Quantum Liquid Fund - Direct Plan Growth Option
111549,INF082J01069,,Quantum ELSS Tax Saver Fund - Direct Plan Growth Option
118267,INF760K01FO9,,CANARA ROBECO INFRASTRUCTURE FUND - DIRECT PLAN - GROWTH OPTION
118269,INF760K01FR2,,CANARA ROBECO LARGE CAP FUND - DIRECT PLAN - GROWTH OPTION
118272,INF760K01EZ8,,CANARA ROBECO EQUITY HYBRID FUND - DIRECT PLAN - GROWTH OPTION
118273,INF760K01DU1,,CANARA ROBECO CONSUMER TRENDS FUND - DIRECT PLAN - GROWTH OPTION
118275,INF760K01EF0,,CANARA ROBECO FLEXICAP FUND - DIRECT PLAN - GROWTH OPTION
118278,INF760K01EI4,,CANARA ROBECO LARGE AND MID CAP FUND - DIRECT PLAN - GROWTH OPTION
118282,INF760K01FI1,,CANARA ROBECO INCOME FUND - DIRECT PLAN - GROWTH OPTION
118284,INF760K01EC7,,CANARA ROBECO DYNAMIC BOND FUND - DIRECT PLAN - GROWTH OPTION
118285,INF760K01EL8,,CANARA ROBECO ELSS TAX SAVER - DIRECT PLAN - GROWTH OPTION
118291,INF760K01ET1,,CANARA ROBECO SAVINGS FUND - DIRECT PLAN - GROWTH OPTION
118299,INF760K01FC4,,CANARA ROBECO GILT FUND - DIRECT PLAN - GROWTH OPTION
118305,INF760K01FU6,,CANARA ROBECO LIQUID FUND - DIRECT PLAN - GROWTH OPTION
118317,INF760K01GM1,,CANARA ROBECO ULTRA SHORT TERM FUND - DIRECT PLAN - GROWTH OPTION
118320,INF760K01DX5,,CANARA ROBECO SHORT DURATION FUND - DIRECT PLAN - GROWTH OPTION
118364,INF194K01I60,,BANDHAN LIQUID Fund -Direct Plan-Growth
118371,INF194K01J77,,BANDHAN Low Duration Fund-Direct Plan-Growth
118384,INF194K01M80,,Bandhan Money Market Fund -Direct Plan-Growth
118387,INF194K01P38,,Bandhan Gilt Fund with 10 year constant duration Fund - Direct Plan - Growth
118394,INF194K01R51,,Bandhan Medium to Long Duration Fund - Direct Plan - Growth
118401,INF194K01S50,,Bandhan Medium Duration Fund - Direct Plan - Growth
118407,INF194K01U07,,Bandhan Short Duration Fund - Direct Plan - Growth
118416,INF194K01N63,,BANDHAN Dynamic Bond Fund-Direct Plan-Growth
118419,INF194K01V89,,Bandhan Large & Mid Cap Fund - Direct Plan - Growth
118421,INF194K01W21,,Bandhan Focused Fund - Direct Plan - Growth
118424,INF194K01W62,,BANDHAN Flexi Cap Fund-Direct Plan-Growth
118464,INF194K01Q29,,Bandhan Gilt Fund - Direct Plan - Growth
118469,INF194K01X46,,BANDHAN Infrastructure Fund-Direct Plan-Growth
118473,INF194K01Y29,,BANDHAN ELSS Tax Saver Fund - Direct Plan - Growth
118479,INF194K01Z44,,BANDHAN Large Cap Fund-Direct Plan-Growth
118481,INF194K01Z85,,Bandhan Value Fund - Direct Plan - Growth
118494,INF090I01GY2,,Templeton India Value Fund - Direct - Growth
118495,INF090I01HB8,,Franklin India Dynamic Accrual Fund - Direct - Growth
118498,INF090I01HS2,,Franklin India Government Securities Fund - Direct - Growth
118506,INF090I01GV8,,Franklin India Money Market Fund - Direct - Growth
118508,INF090I01LK1,,Franklin India Floating Rate Fund - Direct - Growth
118510,INF090I01IN1,,Franklin India Large & Mid Cap Fund - Direct - Growth
118525,INF090I01IQ4,,Franklin India Small Cap Fund - Direct - Growth
118530,INF090I01HG7,,Franklin India Low Duration Fund - Direct - Growth
118531,INF090I01FN7,,Franklin India Large Cap Fund- Direct - Growth
118533,INF090I01FH9,,Franklin India Mid Cap Fund - Direct - Growth
118535,INF090I01FK3,,Franklin India Flexi Cap Fund - Direct - Growth
118537,INF090I01FE6,,Franklin India Technology Fund - Direct - Growth
118539,INF090I01GC8,,Franklin India Opportunities Fund - Direct - Growth
118540,INF090I01JS8,,Franklin India ELSS Tax Saver Fund - Direct - Growth
118546,INF090I01FZ1,,Franklin India Aggressive Hybrid Fund - Direct - Growth
118553,INF090I01JL3,,Franklin India Credit Risk Fund - Direct - Growth
118554,INF090I01JI9,,Franklin India Income Opportunities Fund - Direct - Growth
118557,INF090I01JF5,,Franklin Build India Fund - Direct - Growth
118559,INF090I01IZ5,,Franklin Asian Equity Fund - Direct - Growth
118560,INF090I01JA6,,Franklin India Ultra Short Bond Fund - Super Institutional Plan - Direct - Growth
118564,INF090I01IW2,,Franklin India Focused Equity Fund - Direct - Growth
118565,INF090I01GK1,,Franklin India SHORT TERM INCOME PLAN - Direct - GROWTH
118569,INF090I01FW8,,Franklin India Corporate Debt Fund - Direct - GROWTH
118577,INF090I01JV2,,Franklin India Liquid Fund - Super Institutional - Direct - Growth
118588,INF204K01D22,,Nippon India Banking & Financial Services Fund - Direct Plan Growth Plan - Bonus Option
118589,INF204K01XO1,,Nippon India Banking & Financial Services Fund - Direct Plan Growth Plan - Growth Option
118617,INF754K01BW4,,Edelweiss Large Cap Fund - Direct Plan-Growth option
118620,INF754K01CA8,,Edelweiss ELSS Tax Saver Fund - Direct Plan-Growth Option
118624,INF754K01CE0,,Edelweiss Aggressive Hybrid Fund-Direct Plan-Growth Option
118632,INF204K01XI3,,Nippon India Large Cap Fund - Direct Plan Growth Plan - Growth Option
118633,INF204K01D30,,Nippon India Large Cap Fund - Direct Plan Growth Plan - Bonus Option
118650,INF204K01XF9,,Nippon India Multi Cap Fund - Direct Plan Growth Plan - Growth Option
118651,INF204K01D55,,Nippon India Multi Cap Fund - Direct Plan Growth Plan - Bonus Option
118656,INF204K01E05,,Nippon India Floater Fund  - Direct Plan Growth Plan - Growth Option
118665,INF204K01E21,,Nippon India Growth Mid Cap Fund - Direct Plan Growth Plan - Bonus Option
118668,INF204K01E54,,Nippon India Growth Mid Cap Fund - Direct Plan Growth Plan - Growth Option
118669,INF204K01E70,,Nippon India Gilt  Fund - Direct Plan - P F Option - Automatic Capital Appreciation Payout Option
118672,INF204K01XP8,,Nippon India Gilt  Fund - Direct Plan Growth Plan - Growth Option
118673,INF204K01E88,,Nippon India Gilt  Fund - Direct Plan - P F Option - Defined Maturity Date Option
118674,,INF204K01E62,Nippon India Gilt Fund - Direct Plan - P F Option - Automatic Annual Reinvest Option
118675,INF204K01E96,,Nippon India Vision Large & Mid Cap Fund - Direct Plan Growth Plan - Bonus Option
118678,INF204K01F20,,Nippon India Vision Large & Mid Cap Fund - Direct Plan Growth Plan - Growth Option
118679,INF204K01F38,,Nippon India Medium to Long Duration  Fund - Direct Plan Growth Plan-Bonus Option
118687,INF204K01XS2,,Nippon India Medium to Long Duration Fund - Direct Plan Growth Plan - Growth Option
118692,INF204K01F95,,Nippon India Focused Fund - Direct Plan Growth Plan - Growth Option
118701,INF204K01ZH0,,Nippon India Liquid Fund - Direct Plan Growth Plan - Growth Option
118702,INF204K01G03,,Nippon India Low Duration Fund - Direct Plan Growth Plan - Bonus Option
118709,INF204K01ZU3,,Nippon India Low Duration Fund - Direct Plan Growth Plan - Growth Option
118715,INF204K01G11,,Nippon India Money Market Fund - Direct Plan Growth Plan - Bonus Option
118719,INF204K01ZP3,,Nippon India Money Market Fund - Direct Plan Growth Plan - Growth Option
118722,INF204K01G29,,Nippon India Consumption Fund - Direct Plan Growth Plan - Bonus
118724,INF204K01G52,,Nippon India Consumption Fund - Direct Plan Growth Plan - Growth Option
118747,INF204K01A25,,Nippon India Dynamic Bond Fund - Direct Plan Growth Plan - Growth Option
118758,INF204K01I27,,Nippon India Pharma Fund - Direct Plan Growth Plan - Bonus Option
118759,INF204K01I50,,Nippon India Pharma Fund - Direct Plan Growth Plan - Growth Option
118762,INF204K01I68,,Nippon India Power & Infra Fund - Direct Plan Growth Plan - Bonus Option
118763,INF204K01I92,,Nippon India Power & Infra Fund - Direct Plan Growth Plan - Growth Option
118769,INF204K01J34,,Nippon India Quant Fund - Direct Plan Growth Plan - Growth Option
118770,INF204K01J00,,Nippon India Quant Fund - Direct Plan Growth Plan - Bonus Option
118777,INF204K01J83,,Nippon India Small Cap Fund - Direct Plan Growth Plan - Bonus Option
118778,INF204K01K15,,Nippon India Small Cap Fund - Direct Plan Growth Plan - Growth Option
118780,INF204K01A74,,Nippon India Credit Risk Fund - Direct Plan - Growth Plan
118784,INF204K01K49,,Nippon India Value Fund - Direct Plan Growth Plan
118794,INF204K01B08,,Nippon India Aggressive Hybrid Fund  - Direct Plan Growth Plan
118796,INF204K01B32,,Nippon India Short Duration Fund - Direct Plan Growth Plan - Growth Option
118803,INF204K01L55,,Nippon India ELSS Tax Saver Fund - Direct Plan Growth Plan - Growth Option
118807,INF204K01D63,,Nippon India Corporate Bond Fund - Direct Plan Growth Plan - Bonus
118814,INF204K01C15,,Nippon India Corporate Bond Fund - Direct Plan Growth Plan - Growth Option
118825,INF769K01AX2,,Mirae Asset Large Cap Fund - Direct Plan - Growth
118834,INF769K01BI1,,Mirae Asset Large & Midcap Fund - Direct Plan - Growth
118837,INF769K01BL5,,Mirae Asset Great Consumer Fund - Direct Plan - Growth
118840,INF769K01BO9,,Mirae Asset Low Duration Fund - Direct Plan - Growth
118859,INF769K01CM1,,Mirae Asset Liquid Fund - Direct Plan - Growth
118866,INF044D01CG6,INF044D01AA3,Taurus ELSS Tax Saver Fund - Direct Plan - Growth
118867,INF044D01CH4,INF044D01CI2,Taurus ELSS Tax Saver Fund - Direct Plan - Payout of Income Distribution cum Capital Withdrawal option
118868,INF044D01CN2,,Taurus Banking & Financial Services Fund - Direct Plan - Growth
118869,INF044D01CO0,INF044D01CP7,Taurus Banking & Financial Services Fund - Direct Plan - Payout of Income Distribution cum Capital Withdrawal option
118870,INF044D01BX3,,Taurus Large Cap Fund - Direct Plan - Growth
118871,INF044D01BY1,INF044D01BZ8,Taurus Large Cap Fund - Direct Plan - Payout of Income Distribution cum Capital Withdrawal option
118872,INF044D01CA9,,Taurus Mid Cap Fund - Direct Plan - Growth
118873,INF044D01CB7,INF044D01CC5,Taurus Mid Cap Fund - Direct Plan - Payout of Income Distribution cum Capital Withdrawal option
118876,INF044D01CJ0,,Taurus Ethical Fund - Direct Plan - Growth
118877,INF044D01CK8,INF044D01CL6,Taurus Ethical Fund - Direct Plan - Payout of Income Distribution cum Capital Withdrawal option
118878,INF044D01CM4,,Taurus Ethical Fund-Direct Plan-Bonus Option #
118879,INF044D01CD3,,Taurus Infrastructure Fund - Direct Plan - Growth
118880,INF044D01CE1,INF044D01CF8,Taurus Infrastructure Fund - Direct Plan - Payout of Income Distribution cum Capital Withdrawal option
118883,INF044D01BU9,,Taurus Flexi Cap Fund - Direct Plan - Growth
118884,INF044D01BV7,INF044D01BW5,Taurus Flexi Cap Fund - Direct Plan -  Payout of Income Distribution cum Capital Withdrawal option
118924,INF740K01MZ3,,DSP Bond Fund - Direct Plan - Growth
118929,INF179K01WX8,,HDFC Long Term Advantage Plan - Growth Option - Direct Plan
118935,INF179K01VC4,,HDFC Value Fund - Growth Option - Direct Plan
118942,INF179K01VF7,,HDFC Low Duration  Fund - Direct Plan - Growth
118950,INF179K01VK7,,HDFC Focused Fund - Growth Option - Direct Plan
118955,INF179K01UT0,,HDFC Flexi Cap Fund - Growth Option - Direct Plan
118961,INF179K01VQ4,,HDFC Floating Rate Debt Fund - Direct Plan - Growth Option
118979,INF179K01WQ2,,HDFC Infrastructure Fund - Growth Option - Direct Plan
118987,INF179K01XD8,,HDFC Corporate Bond Fund - Growth Option - Direct Plan
118989,INF179K01XQ0,,HDFC Mid Cap Fund - Growth Option - Direct Plan
119016,INF179K01YM7,,HDFC Short Term  Debt Fund - Growth Option - Direct Plan
119018,INF179K01YV8,,HDFC Large Cap Fund - Growth Option - Direct Plan
119019,INF740K01NY4,,DSP Aggressive Hybrid Fund - Direct Plan - Growth
119028,INF740K01QA7,,DSP Natural Resources and New Energy Fund - Direct Plan - Growth
119053,INF277K01MN2,,Tata Aggressive Hybrid Fund -Direct Plan- Growth Option
119060,INF179K01YS4,,HDFC ELSS Tax saver - Growth Option - Direct Plan
119062,INF179K01XZ1,,HDFC Hybrid Equity Fund - Growth Option - Direct Plan
119069,INF179K01WL3,,HDFC Income Fund - Growth Option - Direct Plan
119071,INF740K01PX1,,DSP Midcap Fund - Direct Plan - Growth
119075,INF179K01WB4,,HDFC Dynamic Debt Fund - Growth Option - Direct Plan
119076,INF740K01PI2,,DSP Flexi Cap Fund - Direct Plan - Growth
119081,INF179K01WI9,,HDFC Medium Term Debt Fund - Growth Option - Direct Plan
119082,INF740K01OS4,,DSP Credit Risk Fund - Direct Plan - Growth
119091,INF179KB1HP9,,HDFC Liquid Fund - Growth Option - Direct Plan
119092,INF179KB1HU9,,HDFC Money Market Fund - Growth Option - Direct Plan
119096,INF740K01OB0,,DSP Focused Fund - Direct Plan - Growth
119097,INF277K01MV5,,Tata Dynamic Bond Fund- Direct Plan-Growth Option
119099,INF740K01NF3,,DSP Gilt Fund - Direct Plan - Growth
119106,INF740K01NU2,,DSP Savings Fund - Direct Plan - Growth
119110,INF179KB1HT1,,HDFC Overnight Fund - Growth Option - Direct Plan
119116,INF179K01VS0,,HDFC Gilt Fund - Growth Option - Direct Plan
119125,INF740K01QL4,,DSP Liquidity Fund - Direct Plan - Growth
119127,INF277K01PI5,,Tata Medium Term Fund- Direct Plan- Growth Option
119133,INF666M01600,,Groww Largecap Fund (formerly known as Indiabulls Blue Chip Fund) - Direct Plan - Growth Option
119134,INF666M01626,INF666M01618,Groww Largecap Fund (formerly known as Indiabulls Bluechip Fund)- Direct Plan- - Income Distribution cum capital withdrawal Option (Payout & Reinvestment)
119135,INF666M01451,,Groww Liquid Fund ( formerly known as Indiabulls Liquid )Fund - Direct Plan - Growth Option
119136,,INF666M01469,Groww Liquid Fund (formerly known as Indiabulls Liquid Fund) - Direct Plan- - Income Distribution cum capital withdrawal Option ( Reinvestment)
119137,INF666M01527,INF666M01477,Groww Liquid Fund (formerly known as Indiabulls Liquid Fund)- Direct Plan- Weekly - Income Distribution cum capital withdrawal Option (Payout & Reinvestment)
119138,INF666M01501,INF666M01485,Groww Liquid Fund (formerly known as Indiabulls Liquid Fund)- Direct Plan- Fortnightly - Income Distribution cum capital withdrawal Option (Payout & Reinvestment)
119139,INF666M01519,INF666M01493,Groww Liquid Fund (formerly known as Indiabulls Liquid Fund)- Direct Plan- Monthly - Income Distribution cum capital withdrawal Option (Payout & Reinvestment)
119160,INF277K01QZ7,,Tata Large Cap Fund -Direct Plan Growth Option
119164,INF959L01GF1,,Navi Liquid Fund-Direct Plan-Growth Option
119172,INF277K01NG4,,Tata Ethical Fund -Direct Plan- Growth Option
119178,INF277K01PY2,,Tata Mid Cap Fund - Direct Plan- Growth Option
119202,INF277K01MK8,,Tata Large & MId Cap Fund -Direct Plan- Growth Option
119205,INF740K01ON5,,DSP Ultra Short Fund - Direct Plan - Growth
119212,INF740K01QD1,,DSP Small Cap Fund - Direct Plan - Growth
119218,INF740K01PL6,,DSP Large & Mid Cap Fund - Direct Plan - Growth
119226,INF740K01NJ5,,DSP Short Term Fund - Direct Plan - Growth
119231,INF277K01ND1,,Tata Value Fund -Direct Plan Growth Option
119239,INF740K01QG4,,DSP Strategic Bond Fund - Direct Plan - Growth
119242,INF740K01OK1,,DSP ELSS Tax Saver Fund - Direct Plan - Growth
119243,INF277K01PQ8,,Tata Infrastructure Fund -Direct Plan -Growth Option
119247,INF740K01PU7,,DSP India T.I.G.E.R. Fund - Direct Plan - Growth
119250,INF740K01PR3,,DSP Large Cap Fund - Direct Plan - Growth
119292,INF582M01633,,Union Flexi Cap Fund - Direct Plan - Growth Option
119300,INF761K01629,,BANK OF INDIA Large & Mid Cap Fund Direct Plan- Bonus
119303,INF582M01674,,Union Liquid Fund - Direct Plan - Growth Option
119307,INF582M01765,,Union ELSS Tax Saver Fund - Direct Plan - Growth Option
119311,INF582M01799,,Union Dynamic Bond Fund - Direct Plan - Growth Option
119333,INF955L01971,,Baroda BNP Paribas Banking and Financial Services Fund - Direct - Growth Option
119341,INF955L01AD7,,Baroda BNP Paribas GILT FUND - Direct Plan - Growth Option
119350,INF761K01652,,BANK OF INDIA Large & Mid Cap Fund Direct Plan-Growth
119351,INF761K01884,,BANK OF INDIA ELSS Tax Saver -Direct Plan- Growth
119354,INF955L01AG0,,Baroda BNP Paribas MULTI CAP FUND - Direct Plan - Growth Option
119364,INF761K01702,,BANK OF INDIA Manufacturing & Infrastructure Fund-Direct Plan-Growth
119369,INF761K01785,,BANK OF INDIA Liquid Fund- Direct Plan- Growth
119379,INF761K01892,,BANK OF INDIA Ultra Short Duration Fund- Direct Plan- Growth
119382,INF761K01736,,BANK OF INDIA Short Term Income Fund-Direct Plan- Growth
119393,INF761K01819,,BANK OF INDIA Conservative Hybrid Fund Fund-Direct Plan-Growth
119400,INF955L01BD5,,Baroda BNP Paribas Short Duration Fund - Direct Plan - Growth Option
119415,INF955L01AL0,,Baroda BNP Paribas LIQUID FUND - DIRECT PLAN - GROWTH OPTION
119424,INF277K01PR6,,Tata Money Market Fund- Direct Plan- Growth Option
119436,INF209K01VH8,,Aditya Birla Sun Life Large & Mid Cap Fund - Growth - Direct Plan
119498,INF209K01XK8,,Aditya Birla Sun Life Short Term Fund - Growth - Direct Plan
119501,INF209K01UR9,,Aditya Birla Sun Life Savings Fund - Growth - Direct Plan
119505,INF209K01N82,,Aditya Birla Sun Life Dynamic Bond Fund - Growth - Direct Plan
119511,INF209K01UU3,,Aditya Birla Sun Life Money Manager Fund - Growth - Direct Plan
119514,INF209K01WH6,,Aditya Birla Sun Life Infrastructure Fund - Growth - Direct Plan
119517,INF209K01WS3,,Aditya Birla Sun Life International Equity Fund - Growth - Direct Plan
119518,INF209K01WU9,,Aditya Birla Sun Life International Equity Fund - Plan B - Growth - Direct Plan
119523,INF209K01XU7,,Aditya Birla Sun Life Low duration Fund - Growth - Direct Plan
119528,INF209K01YY7,,Aditya Birla Sun Life Large Cap Fund - Growth - Direct Plan
119533,INF209K01S38,,Aditya Birla Sun Life Corporate Bond Fund - Growth - Direct Plan
119539,INF209K01XA9,,Aditya Birla Sun Life Medium Term Plan - Growth - Direct Plan
119544,INF209K01UN8,,Aditya Birla Sun Life ELSS Tax Saver Fund - Growth - Direct Plan
119549,INF903J01NN3,,Sundaram Value Fund Direct Plan - Growth
119550,INF209K01YN0,,Aditya Birla Sun Life Banking & PSU Debt Fund- Direct Plan-Growth
119556,INF209K01WN4,,Aditya Birla Sun Life Small Cap Fund - Growth - Direct Plan
119564,INF209K01WE3,,Aditya Birla Sun Life Focused Fund - Growth - Direct Plan
119566,INF903J01PR9,,Sundaram Large and Midcap Fund Direct Plan - Growth
119568,INF209K01VA3,,Aditya Birla Sun Life Liquid Fund - Growth - Direct Plan
119576,INF209K01VL0,,Aditya Birla Sun Life Commodity Equities Fund - Global Agri Plan - Growth - Direct Plan
119581,INF903J01MJ3,,Sundaram Mid Cap Fund Direct Plan - Growth
119589,INF903J01NK9,,Sundaram Small Cap Fund Direct Plan - Growth
119591,INF209K01WC7,,Aditya Birla Sun Life Consumption Fund - Growth - Direct Plan
119595,INF903J01NH5,,Sundaram Consumption Fund (Formerly Known as Sundaram Rural and Consumption Fund Direct Plan - Growth)
119597,INF903J01NB8,,Sundaram Financial Services Opportunities Fund Direct Plan - Growth
119598,INF200K01QX4,,SBI Large Cap FUND-DIRECT PLAN -GROWTH
119605,INF209K01XP7,,Aditya Birla Sun Life Government Securities Fund - Growth - Direct Plan
119609,INF200K01RY0,,SBI EQUITY HYBRID FUND - DIRECT PLAN - Growth
119620,INF209K01Q30,,Aditya Birla Sun Life Midcap Fund - Growth - Direct Plan
119621,INF903J01NR4,,Sundaram Corporate Bond Fund Direct Plan - Growth
119625,INF903J01PA5,,Sundaram Banking & PSU Fund (Formerly Known as Sundaram Banking and PSU Debt Fund) Direct Plan - Growth
119629,INF903J01RI4,,Sundaram Banking & PSU Fund (Formerly Known as Sundaram Banking and PSU Debt Fund) Direct Plan - Bonus
119646,INF209K01VT3,,Aditya Birla Sun Life MNC Fund - Growth - Direct Plan
119657,INF209K01WY1,,Aditya Birla Sun Life Income Fund - Growth - Direct Plan
119659,INF209K01WQ7,,Aditya Birla Sun Life Value Fund - Growth - Direct Plan
119671,INF200K01RD4,,SBI Dynamic Bond Fund - DIRECT PLAN - Growth
119675,INF903J01PO6,,Sundaram Medium Duration Fund (Formerly Known as Sundaram Medium Term Bond Fund) Direct Plan - Growth
119700,INF200K01RS2,,SBI INFRASTRUCTURE FUND -  DIRECT PLAN - GROWTH
119705,INF200K01SB6,,SBI COMMA Fund - DIRECT PLAN - Growth
119707,INF200K01SH3,,SBI GILT FUND - DIRECT PLAN - GROWTH
119709,INF200K01SE0,,SBI ESG Exclusionary Strategy Fund - Direct Plan -Growth
119711,INF200K01SN1,,SBI MNC FUND - DIRECT PLAN -GROWTH
119712,INF200K01SO9,,SBI Medium to Long Duration Fund-DIRECT PLAN - Bonus
119714,INF200K01SR2,,SBI Medium to Long Duration Fund-DIRECT PLAN -Growth
119716,INF200K01TP4,,SBI MIDCAP FUND - DIRECT PLAN - GROWTH
119718,INF200K01UG1,,SBI Flexicap Fund - DIRECT PLAN - Growth Option
119721,INF200K01UJ5,,SBI LARGE & MIDCAP FUND -DIRECT PLAN -Growth
119723,INF200K01UM9,,SBI ELSS Tax Saver FUND - DIRECT PLAN -GROWTH
119727,INF200K01RJ1,,SBI FOCUSED FUND - DIRECT PLAN -GROWTH
119732,INF200K01UY4,,SBI PSU Fund - DIRECT PLAN - GROWTH
119735,INF174K01JC0,,Kotak Bond Fund - Growth - Direct
119739,INF174K01JI7,,Kotak Bond Short Term Plan-(Growth) - Direct
119740,INF174K01MG5,,Kotak Credit Risk Fund - Direct Plan - Standard Income Distribution cum capital withdrawal option
119741,INF174K01LZ7,,Kotak Credit Risk Fund - Growth - Direct
119746,INF174K01MW2,,Kotak Money Market Fund - (Growth) - Direct
119747,INF174K019O8,INF174K01MX0,Kotak Money Market Fund - (Monthly Payout of Income Distribution cum capital withdrawal option) - Direct
119749,INF174K01JT4,,Kotak Treasury Advantage Fund -Daily Reinvestment of Income Distribution cum capital withdrawal option - Direct
119750,INF174K01JP2,,Kotak Savings Fund-Growth - Direct
119751,INF174K01JQ0,,Kotak Savings Fund-Monthly Payout of Income Distribution cum capital withdrawal option - Direct
119753,INF174K01JX6,,Kotak Dynamic Bond Fund - Direct Plan - Standard Income Distribution cum capital withdrawal option
119755,INF174K01JU2,,Kotak Dynamic Bond Fund - Growth - Direct
119757,INF174K01KM7,,Kotak Gilt-Investment  Provident Fund and Trust-Growth - Direct
119758,INF174K01KF1,,Kotak Gilt-Investment Regular-Payout of Income Distribution cum capital withdrawal option - Direct
119759,INF174K01KE4,,Kotak Gilt-Investment Regular-Growth - Direct
119764,,INF174K01NH1,Kotak Liquid Fund - Direct Plan - Daily Reinvestment of Income Distribution cum capital withdrawal option
119766,INF174K01NE8,,Kotak Liquid Fund - Direct Plan - Growth
119769,INF174K01KZ9,,Kotak Contra Fund - Direct Plan - Growth
119772,INF174K01LJ1,,Kotak ELSS Tax Saver Fund-Payout of Income Distribution cum capital withdrawal option - Direct
119773,INF174K01LI3,,Kotak ELSS Tax Saver Fund-Growth - Direct
119775,INF174K01LT0,,Kotak Midcap Fund - Direct Plan - Growth
119783,INF200K01UP2,,SBI HEALTHCARE OPPORTUNITIES FUND - DIRECT PLAN -GROWTH
119798,INF200K01SV4,,SBI CREDIT RISK FUND - DIRECT PLAN -GROWTH
119800,INF200K01UT4,,SBI Liquid Fund - DIRECT PLAN -Growth
119812,INF200K01VM7,,SBI LOW DURATION FUND - DIRECT PLAN - GROWTH
119816,INF200K01VE4,,SBI SHORT TERM DEBT FUND - DIRECT PLAN -GROWTH
119821,INF200K01SZ5,,SBI  SAVINGS FUND - DIRECT PLAN - GROWTH
119824,INF200K01VB0,,SBI MEDIUM DURATION FUND - DIRECT PLAN - GROWTH
119828,INF200K01TF5,,SBI ULTRA SHORT DURATION FUND - DIRECT PLAN - GROWTH
119833,INF200K01TK5,,SBI OVERNIGHT FUND - DIRECT PLAN - GROWTH
119835,INF200K01RA0,,SBI CONTRA FUND - DIRECT PLAN - GROWTH
119861,INF277K01YE6,,Tata Liquid Fund- Direct Plan-Growth Option
119863,INF277K01OK4,,Tata Treasury Advantage Fund - Direct Plan - Growth Option
119875,INF277K01PC8,INF277K01PD6,TATA Income Fund Direct Plan - Periodic Payout of Income Distribution cum capital withdrawal option
119876,INF277K01OY5,,Tata Income Fund - Direct Plan - Growth Option
119949,INF277K01QR4,,Tata Short Term Bond Fund - Direct Plan - Growth Option
119953,INF277K01OX7,,Tata Gilt Securities Fund- Direct Plan - Growth Option
120030,INF336L01CM7,,HSBC Large Cap Fund - Direct Growth
120038,INF336L01CC8,,HSBC Liquid Fund -  Growth Direct
120046,INF336L01DH5,,HSBC Flexi Cap Fund - Direct Growth
120059,INF336L01DE2,,HSBC Medium to Long Duration Fund - Direct Growth
120079,INF336L01EE0,,HSBC Tax Saver Equity Fund - Growth Direct
120084,INF663L01AD7,,PGIM India Dynamic Bond Fund - Direct Plan-Growth Option
120137,INF200K01SK7,,SBI CONSTANT MATURITY 10 YEAR GILT FUND - DIRECT PLAN - GROWTH
120152,INF174K01KW6,,Kotak Large Cap  Fund - Growth - Direct
120153,INF174K01KY2,INF174K01KX4,Kotak Large Cap Fund - Payout of Income Distribution cum capital withdrawal option - Direct
120158,INF174K01LF9,,Kotak Large & Midcap Fund - Direct- Growth
120163,INF174K01KU0,INF174K01KV8,Kotak-Small Cap Fund - Payout of Income Distribution cum capital withdrawal option - Direct
120164,INF174K01KT2,,Kotak-Small Cap Fund - Growth - Direct
120165,INF174K01LQ6,INF174K01LR4,Kotak Flexicap Fund - Payout of Income Distribution cum capital withdrawal option- Direct
120166,INF174K01LS2,,Kotak Flexicap Fund - Growth - Direct
120186,INF109K01Z71,,ICICI Prudential US Bluechip Equity Fund - Direct Plan -  Growth
120197,INF109K01Q49,,ICICI Prudential Liquid Fund - Direct Plan - Growth
120211,INF109K01R14,,ICICI Prudential Money Market Fund Option - Direct Plan -  Growth
120244,INF109K013J1,,ICICI Prudential Banking and Financial Services Fund - Direct Plan -  Growth
120249,INF767K01DN1,,LIC MF Liquid Fund-Direct Plan-Growth
120251,INF109K01Y07,,ICICI Prudential Equity & Debt Fund - Direct Plan - Growth
120256,INF109K010A6,,ICICI Prudential Banking and PSU Debt Fund - Direct Plan -  Growth
120261,INF767K01ED0,,LIC MF Aggressive Hybrid Fund-Direct Plan-Growth
120264,INF767K01EG3,,LIC MF Flexi Cap Fund-Direct Plan-Growth
120267,INF767K01EJ7,,LIC MF Large Cap Fund-Direct Plan-Growth
120270,INF767K01EM1,,LIC MF ELSS Tax Saver-Direct Plan-Growth
120279,INF767K01EW0,,LIC MF Medium to Long Duration Fund-Direct Plan-Growth
120282,INF767K01EZ3,,LIC MF Gilt Fund-Direct Plan-Growth
120299,INF789F01XV6,,UTI MMF - Direct Plan - Growth Option
120304,INF789F01XQ6,,UTI-  Liquid Cash Plan - Direct Plan - Growth Option
120310,INF109K015C1,,ICICI Prudential Blended Plan A-Direct Plan -  Growth
120315,INF767K01FM8,,LIC MF Low Duration Fund-Direct Plan-Growth
120323,INF109K012K1,,ICICI Prudential Value Fund (erstwhile Value Discovery Fund) - Direct Plan - Growth
120338,INF767K01GI4,,LIC MF Banking & PSU Fund-Direct Plan-Growth
120348,INF205K01LE4,,Invesco India Contra Fund - Direct Plan - Growth
120351,INF767K01GW5,,LIC MF Infrastructure Fund-Direct Plan-Growth
120357,INF205K01MA0,,Invesco India Large & Mid Cap Fund - Direct Plan - Growth
120381,INF109K011N7,,ICICI Prudential MidCap Fund - Direct Plan -  Growth
120385,INF205K01KY4,,Invesco India Financial Services Fund - Direct Plan - Growth
120389,INF846K01CX4,,Axis Liquid Fund - Direct Plan - Growth Option
120392,INF205K01LB0,,Invesco India Largecap Fund - Direct Plan - Growth
120395,INF205K01NG5,,Invesco India PSU Equity Fund - Direct Plan - Growth
120398,INF109K01O82,,ICICI Prudential Savings Fund - Direct Plan - Growth
120403,INF205K01MV6,,Invesco India Midcap Fund - Direct Plan - Growth Option
120405,INF205K01MD4,,Invesco India Infrastructure Fund - Direct Plan - Growth Option
120406,INF192K01CM6,,JM Liquid Fund (Direct) - Growth Option
120410,INF192K01CN4,,JM Liquid Fund (Direct) - Bonus Option - Bonus Option - Principal units
120413,INF205K01MS2,,Invesco India Multicap Fund - Direct Plan - Growth Option
120416,INF205K01NT8,,Invesco India ELSS Tax Saver Fund - Direct Plan - Growth
120425,INF109K01P57,,ICICI Prudential Floating Interest Fund - Direct Plan - Growth
120428,INF192K01CX3,,JM Medium to Long Duration Fund (Direct) - Bonus Option - Principal Units
120430,INF192K01CW5,,JM Medium to Long Duration Fund (Direct) - Growth Option
120435,INF192K01DD3,,JM Dynamic Bond Fund - (Direct) - Growth Option
120438,INF846K01CR6,,Axis Banking & PSU Debt Fund - Direct Plan - Growth Option
120444,INF205K01KT4,,Invesco India Banking and PSU Fund - Direct Plan -  Growth Option
120447,INF846K01DD4,,Axis Gilt Fund - Direct Plan - Growth Option
120451,INF846K01DI3,,Axis Dynamic Bond Fund - Direct Plan - Growth Option
120458,INF192K01DO0,,JM Ultra Short Duration Fund - (Direct) - Growth Option
120465,INF846K01DP8,,Axis Large Cap Fund - Direct Plan - Growth
120468,INF846K01CQ8,,Axis Focused Fund - Direct Plan - Growth Option
120471,INF192K01EA7,,JM Short Term Fund (Direct) - Growth Option
120475,INF846K01DT0,,Axis Strategic Bond Fund - Direct Plan - Growth Option
120484,INF192K01BQ9,,JM Aggressive Hybrid Fund (Direct) - Growth Option
120486,INF192K01BT3,,JM Value Fund (Direct) - Growth Option
120488,INF192K01BW7,,JM Focused Fund (Direct)  - Growth Option
120490,INF192K01BZ0,,JM Large Cap Fund (Direct) - Growth Option
120492,INF192K01CC7,,JM Flexicap Fund (Direct) - Growth Option
120494,INF192K01CE3,,JM ELSS Tax Saver Fund (Direct) - Growth Option
120497,INF205K01RF8,,Invesco India Corporate Bond Fund - Direct Plan - Growth
120503,INF846K01EW2,,Axis ELSS Tax Saver Fund - Direct Plan - Growth Option
120505,INF846K01EH3,,Axis Midcap Fund - Direct Plan - Growth
120507,INF205K01RY9,,Invesco India Money Market Fund - Direct Plan - Growth
120510,INF846K01EI1,,Axis Short Duration Fund - Direct Plan - Growth Option
120513,INF846K01EN1,,Axis Treasury Advantage Fund - Direct Plan - Growth Option
120517,INF209K01ZC0,,Aditya Birla Sun Life Equity Hybrid'95 Fund - Direct Plan-Growth
120520,INF205K01SN0,,Invesco India Gilt Fund - Direct  Plan - Growth
120537,INF205K01MF9,,Invesco India Liquid Fund - Direct Plan - Growth
120539,INF209K01VF2,,Aditya Birla Sun Life Digital India Fund - Growth - Direct Plan
120541,INF205K01TH0,,Invesco India Ultra Short Duration Fund - Direct Plan - Growth
120560,INF205K01UH8,,Invesco India Short Duration Fund - Direct Plan - Growth
120564,INF209K01XX1,,Aditya Birla Sun Life Flexi Cap Fund - Growth - Direct Plan
120570,INF205K01NY8,,Invesco India Low Duration Fund - Direct Plan - Growth
120575,INF200K01RM5,,SBI CONSUMPTION OPPORTUNITIES FUND - DIRECT PLAN - GROWTH
120578,INF200K01RV6,,SBI TECHNOLOGY OPPORTUNITIES FUND - DIRECT PLAN - GROWTH
120586,INF109K016L0,,ICICI Prudential Large Cap Fund (erstwhile Bluechip Fund) - Direct Plan - Growth
120587,INF109K01Z14,,ICICI Prudential FMCG Fund - Direct Plan -  Growth
120590,INF109K018C5,,ICICI Prudential Gilt Fund - Direct Plan - Growth
120591,INF109K015M0,,ICICI Prudential Smallcap Fund - Direct Plan - Growth
120592,INF109K01Y31,,ICICI Prudential ELSS Tax Saver Fund - Direct Plan - Growth
120594,INF109K01Z48,,ICICI Prudential Technology Fund - Direct Plan -  Growth
120596,INF109K011O5,,ICICI Prudential Large & Mid Cap Fund - Direct Plan - Growth
120599,INF109K014O9,,ICICI Prudential Multicap Fund - Direct Plan -  Growth
120603,INF109K016E5,,ICICI Prudential All Seasons Bond Fund - Direct Plan - Growth
120605,INF109K011D8,,ICICI Prudential Gilt Fund Investment Plan PF Option - Direct Plan -Growth Option
120608,INF109K014D2,,ICICI Prudential Short Term Gilt Fund - Direct Plan -  Growth
120611,INF109K011E6,,ICICI Prudential Gilt Fund Treasury Plan PF Option - Direct Plan -Growth Option
120619,INF109K01V83,,ICICI Prudential Bond Fund - Direct Plan - Growth
120621,INF109K018M4,,ICICI Prudential Infrastructure Fund - Direct Plan -  Growth
120656,INF789F01US8,,UTI Large Cap Fund - Direct Plan - Growth Option
120662,INF789F01TC4,,UTI - Flexi Cap Fund-Growth Option - Direct
120665,INF789F01UG3,,UTI Large & Mid Cap Fund - Direct Plan - Growth Option
120670,INF109K015A5,,ICICI Prudential Medium Term Bond Fund - Direct Plan - Growth
120674,INF789F01SK9,,UTI Aggressive Hybrid Fund -Direct Plan - Growth
120676,INF109K01T04,,ICICI Prudential Ultra Short Term Fund - Direct Plan -  Growth
120682,INF789F01UD0,,UTI - MNC Fund - Growth Option - Direct
120688,INF109K01W25,,ICICI Prudential Exports & Services Fund - Direct Plan - Growth
120689,INF789F01SQ6,,UTI Medium to Long Duration Fund-Growth - Direct
120692,INF109K016B1,,ICICI Prudential Corporate Bond Fund - Direct Plan - Growth
120711,INF109K01V00,,ICICI Prudential Credit Risk Fund - Direct Plan - Growth
120715,INF789F01TF7,,UTI ELSS Tax Saver Fund - Direct Plan - Growth Option
120718,INF789F01XY0,,UTI Short Duration Fund - Direct Plan - Growth Option
120722,INF109K018N2,,ICICI Prudential Focused Equity Fund - Direct Plan - Growth
120726,INF789F01UA6,,UTI Mid Cap Fund-Growth Option- Direct
120728,INF789F01TU6,,UTI Infrastructure Fund-Growth Option- Direct
120731,INF789F01SH5,,UTI-Transportation and Logistics  Fund-Growth Option- Direct
120733,INF789F01SN3,,UTI Banking and Financial Services Fund - Direct Plan - Growth Option
120735,INF789F01XI3,,UTI Low Duration Fund - Direct Plan - Growth Option
120738,INF789F01XH5,,UTI Low Duration Fund - Direct Plan - Bonus Option
120743,INF109K017L8,,ICICI Prudential Long Term Bond Fund - Direct Plan - Growth
120746,INF789F01TI1,,UTI Ultra Short Duration Fund - Direct Plan - Growth Option
120751,INF789F01VB2,,UTI Value Fund - Direct Plan - Growth Option
120754,INF109K013N3,,ICICI Prudential Short Term Fund - Direct Plan - Growth Option
120762,INF789F01XD4,,UTI Dynamic Bond Fund - Direct Plan - Growth Option
120764,INF789F01YB6,,UTI Credit Risk Fund - Direct Plan - Growth Option
120780,INF789F01VF3,,UTI India Consumer Fund - Direct Plan - Growth Option
120782,INF789F01TO9,,UTI Healthcare Fund - Direct Plan - Growth Option
120785,INF789FB1S71,,UTI - Overnight Fund - Direct Plan - Growth Option
120792,INF789F01TL5,,UTI - GILT FUND - Direct Plan - Growth Option
120819,INF966L01556,,quant Aggressive Hybrid Fund-Growth Option-Direct Plan
120823,INF966L01614,,quant Multi Cap Fund-GROWTH OPTION-Direct Plan
120824,INF966L01655,,quant Large & Mid Cap Fund - Bonus Option-Direct Plan
120826,INF966L01648,,quant Large & Mid Cap Fund - Growth Option-Direct Plan
120828,INF966L01689,,quant Small Cap Fund - Growth Option - Direct Plan
120833,INF966L01721,,quant Infrastructure Fund - Growth Option-Direct Plan
120834,INF966L01853,,quant Focused Fund - Growth Option-Direct Plan
120837,INF966L01820,,quant Liquid Fund - Growth Option - Direct Plan
120841,INF966L01887,,quant Mid Cap Fund - Growth Option - Direct Plan
120843,INF966L01911,,quant Flexi Cap Fund - Growth Option-Direct Plan
120847,INF966L01986,,quant ELSS Tax Saver Fund - Growth Option - Direct Plan
121279,INF194K015G8,,Bandhan Banking and PSU Fund - Direct Growth
122315,INF192K01EZ4,,JM Dynamic Bond Fund - (Direct) - Bonus Option-Principal Units
122316,INF192K01FD8,,JM Ultra Short Duration Fund (Direct) - Bonus Option - Principal Units
122389,INF247L01189,,Motilal Oswal Focused Fund - Direct Plan Growth Option
122639,INF879O01027,,Parag Parikh Flexi Cap Fund - Direct Plan - Growth
122646,INF209K01UX7,,Aditya Birla Sun Life Floating Rate Fund-Direct Plan-Growth
122715,INF579M01266,,360 ONE Dynamic Bond Fund Direct Plan Growth
122909,INF109KA1368,,ICICI Prudential Short Term Fund - Direct Plan - Bonus
123692,INF174K01KK1,INF174K01KL9,Kotak Banking and PSU Debt Direct - Monthly Payout of Income Distribution cum capital withdrawal option
123693,INF174K01KH7,,Kotak Banking and PSU Debt Direct - Growth
123704,INF666M01AC0,,Groww Short Duration Fund (formerly known as Indiabulls Short Term Fund) - Direct Plan - Growth Option
123705,INF666M01AG1,INF666M01AD8,Groww Short Duration Fund (formerly known as Indiabulls Short Term Fund)- Direct Plan- Weekly - Income Distribution cum capital withdrawal Option (Payout & Reinvestment)
123706,INF666M01AH9,INF666M01AE6,Groww Short Duration Fund (formerly known as Indiabulls Short Term Fund)- Direct Plan- Fortnightly - Income Distribution cum capital withdrawal Option (Payout & Reinvestment)
123707,INF666M01AI7,INF666M01AF3,Groww Short Duration Fund (formerly known as Indiabulls Short Term Fund)- Direct Plan- Monthly - Income Distribution cum capital withdrawal Option (Payout & Reinvestment)
124175,INF740K01ZW2,,DSP Banking & PSU Debt Fund - Direct Plan - Growth
124234,INF247L01247,,Motilal Oswal Ultra Short Term Fund (MOFUSTF) -Direct Plan- Growth
125307,INF663L01DV3,,PGIM India Midcap Fund - Direct Plan - Growth Option
125345,INF579M01621,,360 ONE LIQUID FUND DIRECT PLAN  GROWTH
125354,INF846K01K35,,Axis Small Cap Fund - Direct Plan - Growth
125497,INF200K01T51,,SBI Small Cap Fund - Direct Plan - Growth
125503,INF200K01V08,,SBI BANKING & PSU FUND - Direct Plan - Growth
125597,INF209K014W1,,Aditya Birla Sun Life Banking and Financial Services Fund - Direct Plan - Growth
125711,INF680P01042,,Shriram Aggressive Hybrid Fund- Direct Growth
126389,INF761K01CS5,,BANK OF INDIA Ultra Short Duration Fund- Direct Plan-Bonus
126685,INF760K01HB2,,CANARA ROBECO CORPORATE BOND FUND - DIRECT PLAN - GROWTH OPTION
126940,INF789F015Z6,,UTI Banking & PSU Fund - Direct Plan - Growth Option
127042,INF247L01445,,Motilal Oswal Midcap Fund-Direct Plan-Growth Option
128006,INF174K01VQ5,,Kotak Medium Term Fund - Direct Growth
128051,INF179KA1FZ3,,HDFC Credit Risk Debt Fund - Growth Option - Direct Plan
128079,INF174K01VS1,INF174K01VU7,Kotak Medium Term Fund - Direct - Standard Income Distribution cum capital withdrawal option
128629,INF179KA1IZ7,,HDFC Banking and PSU Debt Fund - Growth Option - Direct Plan
128952,INF846K01NF8,,Axis Banking & PSU Debt Fund - Direct Plan - Bonus Option
128954,INF846K01NH4,,Axis Liquid Fund - Direct plan - Bonus Option
128957,INF846K01NJ0,,Axis Gilt Fund - Direct Plan - Bonus Option
128961,INF846K01NQ5,,Axis Treasury Advantage Fund - Direct Plan - Bonus Option
129008,INF090I01KR8,,Franklin India Banking & PSU Debt Fund - Direct - Growth
129046,INF247L01502,,Motilal Oswal Flexi cap Fund Direct Plan-Growth Option
129212,INF903J01F92,,Sundaram Infrastructure Advantage Fund Direct Plan - Growth
129649,INF582M01BU9,,Union Small Cap Fund - Direct Plan - Growth Option
130050,INF204KA1QF1,,Nippon India Medium Duration Fund - Direct Plan - Growth Option
130052,INF204KA1QG9,,Nippon India Medium Duration Fund - Direct Plan - Bonus Option
130314,INF846K01PJ5,,Axis Credit Risk Fund - Direct Plan - Growth
130498,INF179KA1RQ7,,HDFC Large and Mid Cap Fund - Growth Option - Direct Plan
130503,INF179KA1RW5,,HDFC Small Cap Fund - Growth Option - Direct Plan
130722,INF205K01I83,,Invesco India Credit Risk Fund - Direct Plan - Growth
130860,INF204KA1SI1,,Nippon India Japan Equity Fund- Direct Plan- Growth Plan- Growth Option
130861,INF204KA1SK7,,Nippon India Japan Equity Fund- Direct Plan- Growth Plan- Bonus Option
130904,INF192K01HB8,,JM Aggressive Hybrid Fund (Direct) - Annual Bonus Option
130934,INF109KA1G86,,ICICI Prudential Liquid Fund - Direct Plan Bonus
130936,INF109KA1B81,,ICICI Prudential Medium Term Bond Fund - Direct Plan Bonus
130938,INF109KA1H28,,ICICI Prudential All Seasons Bond Fund - Direct Plan Bonus
130942,INF109KA1H69,,ICICI Prudential Ultra Short Term Fund - Direct Plan Bonus
130944,INF109KA1I19,,ICICI Prudential Credit Risk Fund - Direct Plan Bonus
130946,INF109KA1H85,,ICICI Prudential Money Market Fund - Direct Plan Bonus
130949,INF109KA1B65,,ICICI Prudential Blended Plan A - Direct Plan Bonus
130950,INF109KA1B40,,ICICI Prudential Banking and PSU Debt Fund - Direct Plan Bonus
130952,INF109KA1I01,,ICICI Prudential Savings Fund - Direct Plan Bonus
130954,INF109KA1C23,,ICICI Prudential Gilt Investment PF Option - Direct Plan Bonus
130955,INF109KA1H02,,ICICI Prudential Gilt Fund - Direct Plan Bonus
130956,INF109KA1I50,,ICICI Prudential Short Term Gilt Fund - Direct Plan Bonus
131061,INF109KA1O37,,ICICI Prudential Constant Maturity Gilt Fund - Direct Plan - Growth
131301,INF740K019I5,,DSP 10Y G-Sec Fund - Direct Plan - Growth
131580,INF579M01902,,360 ONE Focused Fund-Direct Plan-Growth
132756,INF277K01I86,,Tata ELSS Fund-Growth-Direct Plan
133035,INF174K01F00,,Kotak Aggressive Hybrid Fund - Direct Plan -Growth
133265,INF204KA1YV2,,Nippon India Gilt  Fund- Direct Plan- Growth Plan- Bonus Option
133386,INF247L01569,,Motilal Oswal ELSS Tax Saver Fund - Direct Plan - Growth Option
133388,INF192K01IP6,,JM Dynamic Bond Fund - (Direct) - Half Yearly Bonus Option - Principal Units
133401,INF192K01GP0,,JM Aggressive Hybrid Fund (Direct) - Bonus Option - Principal Units
133409,INF192K01HV6,,JM Aggressive Hybrid Fund (Direct) - Half Yearly Bonus Option - Principal Units
133411,INF192K01HZ7,,JM Aggressive Hybrid Fund (Direct) - Quarterly Bonus Option - Principal Units
133488,INF955L01FR6,,Baroda BNP Paribas Credit Risk Fund -Direct-Growth Option
133516,INF209KA1YK0,,Aditya Birla Sun Life Manufacturing Equity Fund - Direct Plan - Growth
133710,INF767K01NE9,,LIC MF Large & Mid Cap Fund-Direct Plan-Growth
133791,INF178L01BY0,,Kotak Corporate Bond Fund- Direct Plan- Growth Option
133792,INF178L01BZ7,,Kotak Corporate Bond Fund- Direct Plan- Monthly Payout of Income Distribution cum capital withdrawal option
133800,INF178L01AK1,INF178L01AJ3,Kotak Infrastructure & Economic Reform Fund- Direct Plan- Payout of Income Distribution cum capital withdrawal option
133801,INF178L01AL9,,Kotak Infrastructure & Economic Reform Fund- Direct Plan- Growth Option
133810,INF178L01AX4,,Kotak Low Duration Fund- Direct Plan- Growth Option
133812,INF178L01AZ9,INF178L01AY2,Kotak Low Duration Fund - Direct Plan- Standard Income Distribution cum capital withdrawal option
133839,INF663L01FF1,,PGIM India Flexi Cap Fund - Direct Plan - Growth Option
133859,INF200KA1507,,SBI BANKING & FINANCIAL SERVICES FUND - DIRECT PLAN - GROWTH
133868,INF761K01DG8,,BANK OF INDIA Credit Risk  Fund - Direct Plan
133925,INF740K013Q1,,DSP Low Duration Fund - Direct Plan - Growth
134017,INF767K01NK6,,LIC MF Banking and Financial Services Fund-Direct Plan-Growth
134363,INF903J017I5,,Sundaram Banking & PSU Fund (Formerly Known as Sundaram Banking & PSU Debt Fund) - Direct Growth
134387,INF209KA1K88,,Aditya Birla Sun Life Credit Risk Fund - Direct Plan - Growth
134388,INF209KA1L12,,Aditya Birla Sun Life Credit Risk Fund - Direct Plan - Bonus
134494,INF082J01176,,Quantum Dynamic Bond Fund - Direct Plan Growth Option
134503,INF789FB1KE6,,UTI Medium Duration Fund - Direct Plan - Growth Option
134547,INF204KA1U53,,Nippon India Banking and PSU  Fund- Direct Plan-Growth Plan- Growth Option
134552,INF204KA1U61,,Nippon India Banking and PSU Fund- Direct Plan-Growth Plan- Bonus Option
134813,INF769K01DH9,,Mirae Asset Aggressive Hybrid Fund - Direct Plan - Growth
134923,INF204KA15G5,,Nippon India US Equity Opportunities Fund- Direct Plan- Growth Plan- Growth Option
135341,INF666M01BE4,,Groww Value Fund (formerly known as Indiabulls Value Fund) - Direct Plan - Growth Option
135342,INF666M01BF1,INF666M01BG9,Groww Value Fund (formerly known as Indiabulls Value Fund)- Direct Plan- - Income Distribution cum capital withdrawal Option (Payout & Reinvestment)
135500,INF174K01Z14,INF174K01Z22,Kotak Bond Short Term Plan - Direct - Standard Income Distribution cum capital withdrawal option
135601,INF663L01FN5,,PGIM India ELSS Tax Saver Fund - Direct Plan - Growth Option
135654,INF959L01CD5,,Navi ELSS Tax Saver Fund- Direct Plan- Growth Option
135677,INF959L01CH6,,Navi Large & Midcap Fund- Direct Plan- Growth Option
135781,INF769K01DM9,,Mirae Asset ELSS Tax Saver Fund - Direct Plan - Growth
135789,INF277K01Z28,,TATA Banking & Financial Services Fund Direct Plan - Payout of Income Distribution cum capital withdrawal option
135792,,INF277K01Z36,TATA Banking & Financial Services Fund Direct Plan - Reinvestment of Income Distribution cum capital withdrawal option
135793,INF277K01Z10,,Tata Banking And Financial Services Fund-Direct Plan-Growth
135795,INF277K01Z85,,TATA Digital India Fund Direct Plan - Payout of Income Distribution cum capital withdrawal option
135798,,INF277K01Z93,TATA Digital India Fund Direct Plan - Reinvestment of Income Distribution cum capital withdrawal option
135800,INF277K01Z77,,Tata Digital India Fund-Direct Plan-Growth
135801,,INF277K015A1,TATA India Consumer Fund Direct Plan - Reinvestment of Income Distribution cum capital withdrawal option
135805,INF277K013A6,,Tata India Consumer Fund-Direct Plan-Growth
135806,INF277K014A4,,TATA India Consumer Fund Direct Plan - Payout of Income Distribution cum capital withdrawal option
135807,INF277K010B0,,TATA India Pharma & Health Care Fund Direct Plan - Payout of Income Distribution cum capital withdrawal option
135808,,INF277K011B8,TATA India Pharma & Healthcare Fund Direct Plan - Reinvestment of Income Distribution cum capital withdrawal option
135810,INF277K019A3,,Tata India Pharma & Healthcare Fund-Direct Plan-Growth
135813,INF277K015B9,,Tata Resources & Energy Fund-Direct Plan-Growth
135816,,INF277K017B5,TATA Resources & Energy Fund Direct Plan - Reinvestment of Income Distribution cum capital withdrawal option
135817,INF277K016B7,,TATA Resources & Energy Fund Direct Plan - Payout of Income Distribution cum capital withdrawal option
135916,INF194KA1M23,,BANDHAN Corporate Bond Fund - Direct Growth
138299,INF223J01NS5,,PGIM India Liquid Fund - Direct Plan - Growth
138302,INF223J01NQ9,,PGIM India Insta Cash Fund - Direct Plan -  Regular Bonus
138303,INF223J01VE8,,PGIM India Insta Cash Fund - Direct Plan -Monthly Bonus
138305,INF223J01WW8,,PGIM India Insta Cash Fund - Direct Plan -  Annual Bonus Option
138312,INF663L01GR4,,PGIM India Large Cap Fund - Direct Plan - Growth
138314,INF223J01MM0,,PGIM India Large Cap Fund - Direct Plan - Bonus
138330,INF223J01OO2,,PGIM India Corporate Bond Fund - Direct Plan - Growth
138333,INF223J01WG1,,PGIM India Premier Bond Fund - Direct Plan - Half-Yearly Bonus
138358,INF223J01QO7,,PGIM India Ultra Short Duration Fund - Direct Plan - Growth
138363,INF223J01QK5,,PGIM India Ultra Short Term Fund - Direct Plan - Bonus
138366,INF223J01VK5,,PGIM India Ultra Short Term Fund - Direct Plan - Monthly Bonus
138367,INF223J01XI5,,PGIM India Ultra Short Term Fund - Direct Plan - Annual Bonus
138386,INF663L01GX2,,PGIM India Aggressive Hybrid Equity Fund - Direct Plan - Growth
138472,INF223J01ND7,,PGIM India Gilt Fund - Direct Plan - Growth
138476,INF223J01VM1,,PGIM India Gilt Fund - Direct Plan - Half Yearly Bonus
139257,INF192K01LA2,,JM Liquid Fund Unclaimed Redemption (Direct) Growth Plan
139259,INF192K01LC8,,JM Liquid Fund Unclaimed Redemption IEF (Direct) Growth Plan
139527,INF761K01DM6,,BANK OF INDIA MID & SMALL CAP EQUITY & DEBT FUND - DIRECT PLAN GROWTH
139538,INF174V01044,,Mahindra Manulife Liquid Fund - Direct Plan -Growth
139781,INF174V01093,,Mahindra Manulife ELSS Tax Saver Fund - Direct Plan -Growth
139823,INF663L01OE6,INF663L01OF3,PGIM India Aggressive Hybrid Equity Fund-Direct Plan-Quarterly Divdend Option
140175,INF843K01AL0,,Edelweiss Large & Mid Cap Fund - Direct Plan - Growth Option
140194,INF754K01GY9,,Edelweiss Liquid Fund - Direct Plan - Bonus Option
140196,INF754K01GM4,,Edelweiss Liquid Fund - Direct Plan - Growth Option
140228,INF843K01AO4,,Edelweiss Mid Cap Fund - Direct Plan - Growth Option
140237,INF843K01CE1,,Edelweiss Money Market Fund - Direct Plan - Growth Option
140286,INF843K01FC8,,Edelweiss Banking and PSU Debt Fund - Direct Plan - Growth Option
140298,INF843K01GS2,,Edelweiss Government Securities Fund - Direct Plan - Growth Option
140353,INF843K01KK1,,Edelweiss Flexi Cap Fund - Direct Plan - Growth Option
140382,INF194KA1U56,,Bandhan Aggressive Hybrid Fund-Direct Plan Growth
140603,INF194KA1X61,,BANDHAN Credit Risk Fund-Direct Plan-Growth
140613,INF174V01267,,Mahindra Manulife Low Duration Fund - Direct Plan -Growth
140769,INF769K01DR8,,Mirae Asset Dynamic Bond Fund -Direct Plan -Growth
140809,INF666M01CM5,INF666M01CN3,Groww Largecap Fund (formerly known as Indiabulls Bluechip Fund)- Direct Plan- Monthly - Income Distribution cum capital withdrawal Option (Payout & Reinvestment)
140811,INF666M01CO1,INF666M01CP8,Groww Largecap Fund (formerly known as Indiabulls Bluechip Fund)- Direct Plan- Quarterly - Income Distribution cum capital withdrawal Option (Payout & Reinvestment)
140814,INF666M01CQ6,INF666M01CR4,Groww Largecap Fund (formerly known as Indiabulls Bluechip Fund)- Direct Plan- Half Yearly -Income Distribution cum capital withdrawal Option (Payout & Reinvestment)
140815,INF666M01CY0,INF666M01CZ7,Groww Value Fund (formerly known as Indiabulls Value Fund)- Direct Plan- Monthly - Income Distribution cum capital withdrawal Option (Payout & Reinvestment)
140817,INF666M01DA8,INF666M01DB6,Groww Value Fund (formerly known as Indiabulls Value Fund)- Direct Plan- Quarterly - Income Distribution cum capital withdrawal Option (Payout & Reinvestment)
140819,INF666M01DC4,INF666M01DD2,Groww Value Fund (formerly known as Indiabulls Value Fund)- Direct Plan- Half Yearly - Income Distribution cum capital withdrawal Option (Payout & Reinvestment)
141226,INF174V01341,,Mahindra Manulife Multi Cap Fund - Direct Plan -Growth
141248,INF582M01CU7,,Union Largecap Fund - Direct Plan - Growth Option
141588,INF846K01ZM8,,Axis Corporate Bond Fund - Direct Plan Growth
141808,INF666M01DK7,,Groww ELSS Tax Saver Fund (formerly known as Indiabulls Tax Savings Fund)- Direct Plan- Growth Option
141924,INF179KC1AU3,,HDFC Housing Opportunities Fund  - Growth Option - Direct Plan
141925,INF846K01B28,,Axis Flexi Cap Fund - Direct Plan - Growth
142110,INF174V01507,,Mahindra Manulife Mid Cap Fund - Direct Plan -Growth
142388,INF754K01ML4,,Edelweiss Recently Listed IPO Fund Direct Plan Growth
142641,INF769K01DX6,,Mirae Asset Short Duration Fund - Direct Plan - Growth
143163,INF959L01CX3,,Navi Aggressive Hybrid Fund - Direct Plan - Growth
143241,INF582M01DU5,,Union Corporate Bond Fund - Direct Plan - Growth Option
143269,INF879O01068,,Parag Parikh Liquid Fund- Direct Plan- Growth
143494,INF204K01YH3,,Nippon India Ultra Short Duration Fund- Direct Plan- Growth Option
143508,INF955L01HA8,,Baroda BNP Paribas Ultra Short Duration Fund- Direct Plan- Growth
143537,INF205K014Q7,,Invesco India Aggressive Hybrid Fund - Direct Plan - Growth
143592,INF192K01FH9,,JM Money Market Fund (Direct) Bonus Option - Principal Units
143597,INF192K01DS1,,JM Money Market Fund (Direct) - Growth
143610,INF192K01FL1,,JM Low Duration Fund (Direct) - Bonus Option - Principal Units
143612,INF192K01DW3,,JM Low Duration Fund (Direct) - Growth
143704,INF204KB1YQ1,,Nippon India Nivesh Lakshya Long Duration Fund- Direct Plan- Growth Option
143783,INF769K01ED6,,Mirae Asset Healthcare Fund Direct Growth
143793,INF959L01DT9,,Navi Flexi Cap Fund - Direct Plan - Growth
143874,INF109KC1GH2,,ICICI Prudential Pharma Healthcare and Diagnostics (P.H.D) Fund - Direct Plan - Cumulative Option
144173,INF194KA16R3,,BANDHAN ULTRA SHORT DURATION FUND - DIRECT PLAN GROWTH
144339,INF789F1A538,,UTI Corporate Bond Fund - Direct Plan - Growth Option
144394,INF846K01E25,,Axis Aggressive Hybrid Fund - Direct Plan - Growth Option
144403,INF174V01580,,Mahindra Manulife Dynamic Bond Fund - Direct Plan - Growth
144543,,INF277K016K8,TATA Flexi Cap Fund Direct Plan - Reinvestment of Income Distribution cum capital withdrawal option
144546,INF277K015K0,,Tata Flexi Cap Fund-Direct Plan-Growth
144547,INF277K017K6,,TATA Flexi Cap Fund - Direct Plan - Payout of Income Distribution cum capital withdrawal option
144646,INF740KA1KE8,,DSP Corporate Bond Fund - Direct - Growth
144754,INF846K01F40,,Axis Ultra Short Duration Fund - Direct Plan Growth
144835,INF903JA1FA2,,Sundaram Services Fund Direct Plan - Growth
144905,INF680P01109,,Shriram Flexi Cap Fund - Direct Growth
145034,INF179KB15Q6,,HDFC Ultra Short Term Fund - Direct Plan-Growth Option
145050,INF903JA1FR6,,Sundaram Money Market Fund Direct Plan - Growth
145075,INF109KC1LJ8,,ICICI Prudential Manufacturing Fund - Direct Plan - Cumulative Option
145110,INF846K01J46,,Axis Large & Mid Cap Fund - Direct Plan - Growth
145137,INF205K013T3,,Invesco India Smallcap Fund - Direct Plan - Growth
145206,INF277K011O1,,Tata Small Cap Fund-Direct Plan-Growth
145207,INF277K013O7,,TATA SmallCap Fund - Direct Plan - Payout of Income Distribution cum capital withdrawal option
145209,,INF277K012O9,TATA Small Cap Fund Direct Plan - Reinvestment of Income Distribution cum capital withdrawal option
145295,INF789F1ACX5,,UTI - Floater Fund - Direct Plan - Growth Option
145356,INF174V01663,,Mahindra Manulife Consumption Fund - Direct Plan -Growth
145454,INF740KA1LG1,,DSP Healthcare Fund - Direct Plan - Growth
145473,INF582M01EK4,,Union Value Fund - Direct Plan - Growth Option
145486,INF209KB1ZH2,,ADITYA BIRLA SUN LIFE OVERNIGHT FUND-DIRECT PLAN-GROWTH
145536,INF109KC11G1,,ICICI Prudential Overnight Fund - Direct Plan - Growth
145589,INF666M01EK5,,Groww Dynamic Bond Fund (formerly known as Indiabulls Dynamic Bond Fund) - Direct Plan - Growth option
145591,INF666M01EQ2,INF666M01ER0,Groww Dynamic Bond Fund (formerly known as Indiabulls Dynamic Bond Fund)- Direct Plan- Monthly - Income Distribution cum capital withdrawal Option (Payout & Reinvestment)
145595,INF666M01EO7,INF666M01EP4,Groww Dynamic Bond Fund (formerly known as Indiabulls Dynamic Bond Fund)- Direct Plan- Fortnightly - Income Distribution cum capital withdrawal Option (Payout & Reinvestment)
145596,,INF666M01EL3,Groww Dynamic Bond Fund (formerly known as Indiabulls Dynamic Bond Fund)- Direct Plan- - Income Distribution cum capital withdrawal Option ( Reinvestment)
145597,INF666M01EM1,INF666M01EN9,Groww Dynamic Bond Fund (formerly known as Indiabulls Dynamic Bond Fund)- Direct Plan- Weekly - Income Distribution cum capital withdrawal Option (Payout & Reinvestment)
145599,INF666M01FA3,,Groww Aggressive Hybrid Fund (formerly known as Indiabulls Equity Hybrid Fund) - Direct Plan - Growth option
145600,INF666M01FB1,INF666M01FC9,Groww Aggressive Hybrid Fund (formerly known as Indiabulls Equity Hybrid Fund)- Direct Plan- - Income Distribution cum capital withdrawal Option (Payout & Reinvestment)
145601,INF666M01FF2,INF666M01FG0,Groww Aggressive Hybrid Fund (formerly known as Indiabulls Equity Hybrid Fund)- Direct Plan- Quarterly - Income Distribution cum capital withdrawal Option (Payout & Reinvestment)
145602,INF666M01FH8,INF666M01FI6,Groww Aggressive Hybrid Fund (formerly known as Indiabulls Equity Hybrid Fund)- Direct Plan- Half Yearly - Income Distribution cum capital withdrawal Option (Payout & Reinvestment)
145606,INF666M01FD7,INF666M01FE5,Groww Aggressive Hybrid Fund (formerly known as Indiabulls Equity Hybrid Fund)- Direct Plan- Monthly - Income Distribution cum capital withdrawal Option (Payout & Reinvestment)
145678,INF761K01EP7,,BANK OF INDIA Small Cap Fund Direct Plan Growth
145810,INF204KB1R31,,Nippon India Overnight Fund - Direct Plan - Growth Option
145819,INF680P01158,,Shriram ELSS Tax Saver Fund - Direct Growth
145834,INF247L01734,,Motilal Oswal Liquid Fund - Direct Growth
145897,INF109KC1RH9,,ICICI Prudential India Opportunities Fund - Direct Plan - Cumulative Option
145954,INF767K01PW6,,LIC MF Short Duration Fund-Direct Plan-Growth
145971,INF03VN01043,,WhiteOak Capital Liquid Fund- Direct plan-Growth Option
146062,INF740KA1MC8,,DSP Overnight Fund - Direct Plan - Growth
146067,INF277K014T4,,TATA Ultra Short Term Fund-Direct Plan - Weekly Payout of Income Distribution cum capital withdrawal option
146068,,INF277K015T1,TATA Ultra Short Term Fund Direct Plan - Weekly Reinvestment of Income Distribution cum capital withdrawal option
146069,INF277K012T8,,TATA Ultra Short Term Fund-Direct Plan - Monthly Payout of Income Distribution cum capital withdrawal option
146075,INF277K011T0,,Tata Ultra Short Term Fund-Direct Plan-Growth
146076,,INF277K013T6,TATA Ultra Short Term Fund Direct Plan - Monthly Reinvestment of Income Distribution cum capital withdrawal option
146130,INF760K01JC6,,CANARA ROBECO SMALL CAP FUND - DIRECT PLAN - GROWTH OPTION
146140,,INF174KA1BE2,Kotak Overnight Fund-Direct Plan- Daily Reinvestment of Income Distribution cum capital withdrawal option
146141,INF174KA1BF9,,Kotak Overnight Fund -Direct Plan-Growth Option
146191,INF194KB1447,,BANDHAN Overnight Fund - Direct Plan - Growth
146196,INF754K01JN6,,Edelweiss Small Cap Fund - Direct Plan - Growth
146215,INF200KA1YR4,,SBI Corporate Bond Fund - Direct Plan - Growth
146549,INF174V01721,,Mahindra Manulife Large Cap Fund - Direct Plan -Growth
146643,INF200KA1A71,,SBI Equity Minimum Variance Fund - Direct Plan - Growth
146675,INF846K01N65,,Axis Overnight Fund - Direct Plan - Growth Option
146772,INF336L01NV5,,HSBC Large & Mid Cap Fund - Direct Growth
146951,INF109KC1YD4,,ICICI Prudential Bharat Consumption Fund - Direct Plan - Growth Option
146963,INF903JA1HG5,,Sundaram Overnight Fund Direct Plan - Growth
146978,,INF277K019T3,TATA Overnight Fund Direct Plan - Daily Reinvestment of Income Distribution cum capital withdrawal option
146980,INF277K018T5,,Tata Overnight Fund-Direct Plan-Growth
147003,INF582M01FA2,,Union Overnight Fund - Direct Plan - Growth Option
147157,INF00XX01283,,ITI Liquid Fund - Direct Plan - Growth Option
147183,INF00XX01168,,ITI Multi Cap Fund - Direct Plan - Growth Option
147196,INF955L01HV4,,Baroda BNP Paribas Overnight Fund - Direct Plan - Growth
147206,INF769K01EU0,,Mirae Asset Focused Fund Direct Plan Growth
147214,INF090I01SS9,,Franklin India Overnight Fund- Growth - Direct
147267,,INF174KA1EF3,KOTAK FLOATING RATE FUND-DIRECT PLAN-Standard Reinvestment of Income Distribution cum capital withdrawal option
147269,INF174KA1EC0,,KOTAK FLOATING RATE FUND-DIRECT PLAN-GROWTH OPTION
147287,INF336L01OF6,,HSBC Overnight Fund - Direct Growth
147306,INF740KA1NQ6,,DSP Quant Fund - Direct Plan - Growth
147311,INF03VN01209,,WhiteOak Capital Ultra Short Duration Fund- Direct plan-Growth Option
147346,INF109KC1D93,,ICICI Prudential MNC Fund - Direct Plan - Growth Option
147372,INF082J01382,,QUANTUM ESG BEST IN CLASS STRATEGY FUND - DIRECT PLAN - GROWTH OPTION
147377,INF955L01ID0,,Baroda BNP Paribas Money Market Fund- Direct Plan - Growth
147409,INF209KB1O25,,Aditya Birla Sun Life Pharma and Healthcare Fund-Direct-Growth
147445,INF769K01FA9,,Mirae Asset Midcap Fund- Direct Growth Option
147446,INF174V01788,,Mahindra Manulife Aggressive Hybrid Fund - Direct Plan -Growth
147450,INF666M01GL8,,Groww Overnight Fund (formerly known as Indiabulls Overnight Fund)- Direct Plan- Growth Option
147451,INF666M01GN4,INF666M01GO2,Groww Overnight Fund (formerly known as Indiabulls Overnight Fund)- Direct Plan- Weekly - Income Distribution cum capital withdrawal Option (Payout & Reinvestment)
147452,INF666M01GP9,INF666M01GQ7,Groww Overnight Fund (formerly known as Indiabulls Overnight Fund)- Direct Plan- Fortnightly - Income Distribution cum capital withdrawal Option (Payout & Reinvestment)
147453,INF666M01GR5,INF666M01GS3,Groww Overnight Fund (formerly known as Indiabulls Overnight Fund)- Direct Plan- Monthly - Income Distribution cum capital withdrawal Option (Payout & Reinvestment)
147458,,INF666M01GM6,Groww Overnight Fund (formerly known as Indiabulls Overnight Fund)- Direct Plan- - Income Distribution cum capital withdrawal Option ( Reinvestment)
147473,INF174KA1EN7,,Kotak Focused Fund- Direct Plan- Growth option
147475,INF174KA1EP2,INF174KA1EO5,Kotak Focused Fund-Direct Plan- Income Distribution cum capital withdrawal option
147481,INF879O01100,,Parag Parikh ELSS Tax Saver Fund- Direct Growth
147492,INF582M01FS4,,Union Focused Fund - Direct Plan - Growth Option
147515,INF767K01QI3,,LIC MF Overnight Fund-Direct Plan-Growth
147531,INF760K01JM5,,CANARA ROBECO OVERNIGHT FUND - DIRECT PLAN - GROWTH OPTION
147541,INF00XX01390,,ITI ELSS Tax Saver Fund - Direct Plan - Growth Option
147564,INF174V01838,,Mahindra Manulife Overnight Fund - Direct Plan -Growth
147567,INF846K01Q62,,Axis Money Market Fund - Direct Plan - Growth Option
147570,INF754K01JV9,,Edelweiss Overnight Fund - Direct Plan - Growth
147606,INF663L01T01,,PGIM India Overnight Fund - Direct Plan - Growth Option
147662,INF109KC1F91,,ICICI Prudential Commodities Fund - Direct Plan - Growth Option
147689,INF204KB16F3,,Nippon India Aggressive Hybrid Fund - Segregated Portfolio 1 - Direct Plan - Growth Plan
147704,INF247L01999,,Motilal Oswal Large and Midcap Fund - Direct Plan Growth
147713,INF00XX01564,,ITI Overnight Fund - Direct Plan - Growth Option
147725,INF174KA1EX6,INF174KA1EY4,Kotak Pioneer Fund-Direct Plan-Reinvestment of Income Distribution cum capital withdrawal option
147727,INF174KA1EZ1,,Kotak Pioneer Fund- Direct Plan- Growth Option
147731,INF174V01887,,Mahindra Manulife Ultra Short Duration Fund - Direct Plan -Growth
147736,INF769K01FG6,,Mirae Asset Overnight Fund Direct Plan Growth
147750,INF582M01GA0,,Union Large & Midcap Fund - Direct Plan - Growth Option
147757,INF277K017X9,,Tata Focused Fund-Direct Plan-Growth
147758,,INF277K018X7,TATA Focused Fund Direct Plan - Reinvestment of Income Distribution cum capital withdrawal option
147759,INF277K019X5,,TATA Focused Fund Direct Plan - Payout of Income Distribution cum capital withdrawal option
147772,INF767K01QU8,,LIC MF Ultra Short Duration Fund-Direct Plan-Growth
147837,INF192K01MB8,,JM Overnight Fund - (Direct) - Growth
147840,INF174V01945,,Mahindra Manulife Large & Mid Cap Fund - Direct Plan -Growth
147844,INF209KB1O82,,Aditya Birla Sun Life PSU Equity Fund-Direct Plan-Growth
147883,INF205KA1163,,Invesco India Overnight Fund - Direct Plan - Growth
147908,INF336L01OR1,,HSBC Ultra Short Duration Fund - Direct Growth
147919,INF00XX01747,,ITI Small Cap Fund - Direct Plan - Growth Option
147928,INF846K01W23,,Axis ESG Integration Strategy Fund - Direct Plan - Growth Option
147946,INF194KB1AL4,,BANDHAN SMALL CAP FUND - DIRECT PLAN GROWTH
147951,INF761K01EU7,,BANK OF INDIA Overnight Fund Direct Plan Growth
148073,INF582M01GI3,,Union Midcap Fund - Direct Plan - Growth Option
148078,INF204KB13M6,,Nippon India Medium Duration Fund - Segregated Portfolio 1 - Direct Plan - Bonus Option
148080,INF204KB18M5,,Nippon India Medium Duration Fund - Segregated Portfolio 1 - Direct Plan - Growth Option
148086,INF789F1APF4,,UTI - Bond Fund (Segregated - 17022020) - Direct Plan - Growth Option
148101,INF204KB12L0,,Nippon India Credit Risk Fund - Segregated Portfolio 1 - Direct Plan - Growth Plan
148118,INF789F1APX7,,UTI - Dynamic Bond Fund (Segregated - 17022020) - Direct Plan - Growth Option
148136,INF789F1AOC4,,UTI - Medium Term Fund (Segregated - 17022020) - Direct Plan - Growth Option
148147,INF789F1ANG7,,UTI - Credit Risk Fund (Segregated - 17022020) - Direct Plan - Growth Option
148161,INF663L01T84,,PGIM India Money Market Fund - Direct Plan - Growth Option
148353,INF00XX01804,,ITI Large Cap Fund - Direct Plan - Growth Option
148404,INF761K01FF5,,BANK OF INDIA Flexi Cap Fund Direct Plan -Growth
148411,INF336L01PB2,,HSBC Focused Fund - Direct Growth
148413,,,JM Liquid Fund - Unclaimed Brokerage I.E.F. (Direct) - Growth Plan
148414,,,JM Liquid Fund - Unclaimed Application Refund Amount I.E.F. (Direct) - Growth Plan
148415,,,JM Liquid Fund - Withheld Brokerage I.E.F. (Direct) - Growth Plan
148419,INF769K01FY9,,Mirae Asset Banking and PSU Fund - Direct Plan - Growth
148474,INF955L01JU2,,Baroda BNP Paribas Large and Mid Cap Fund- Direct Plan -Growth Option
148481,INF205KA1213,,Invesco India Focused Fund - Direct Plan - Growth
148507,INF903JA1JC0,,Sundaram Large Cap Fund (Formerly Known as Sundaram Blue Chip Fund)Direct Plan - Growth
148516,INF109KC1O09,,ICICI Prudential ESG Exclusionary Strategy Fund - Direct Plan - Growth
148529,INF769K01GK6,,Mirae Asset Ultra Short Duration Fund Direct Growth
148534,INF00XX01861,,ITI Banking & PSU Debt Fund - Direct Plan - Growth Option
148539,INF209KB1T79,,Aditya Birla Sun Life Special Opportunities Fund-Direct-Growth
148550,INF200KA1R64,,SBI Floating Rate Debt Fund - Direct Plan - Growth
148564,INF966L01AD4,,quant ESG Integration Strategy Fund - Growth Option - Direct Plan
148567,INF174V01AG7,,Mahindra Manulife Focused Fund - Direct Plan -Growth
148592,INF582M01GY0,,Union Aggressive Hybrid Fund - Direct Plan - Growth Option
148595,INF740KA1PP3,,DSP Value Fund - Direct Plan - Growth
148600,INF109KC1O66,,ICICI Prudential Quant Fund Direct Plan Growth
148605,INF174KA1FH6,INF174KA1FJ2,Kotak ESG Exclusionary Strategy Fund - Direct Plan - Payout of Income Distribution cum capital withdrawal option
148606,INF174KA1FI4,,Kotak ESG Exclusionary Strategy Fund - Direct Plan - Growth Option
148618,INF789F1AUQ1,,UTI Small Cap Fund - Direct Plan - Growth Option
148623,INF769K01GX9,,Mirae Asset Banking and Financial Services Fund Direct Growth
148634,INF846K01X71,,Axis Innovation Fund - Direct Plan - Growth Option
148637,INF209KB1U76,,Aditya Birla Sun Life ESG Integration Strategy Fund-Direct Plan-Growth
148651,INF109KC1P24,,ICICI Prudential Business Cycle Fund Direct Plan Growth
148711,INF194KB1BA5,,BANDHAN FLOATER FUND  - DIRECT PLAN GROWTH
148729,INF174V01AM5,,Mahindra Manulife Short Duration Fund - Direct Plan -Growth
148733,INF00XX01929,,ITI Mid Cap Fund - Direct Plan - Growth Option
148751,INF205KA1338,,Invesco India ESG Integration Strategy Fund - Direct Plan - Growth
148755,INF769K01HD9,,Mirae Asset Corporate Bond Fund Direct Growth Plan
148771,INF740KA1PV1,,DSP Floater Fund - Direct Plan - Growth
148837,INF0GCD01271,INF0GCD01289,TRUSTMF Liquid Fund-Direct Plan-Weekly Income Distribution cum Capital Withdrawal
148839,INF0GCD01305,INF0GCD01297,TRUSTMF Liquid Fund-Direct Plan-Monthly Income Distribution cum Capital Withdrawal
148841,INF0GCD01255,,TRUSTMF Liquid Fund-Direct Plan-Growth
148842,,INF0GCD01263,TRUSTMF Liquid Fund-Direct Plan-Daily Income Distribution cum Capital Withdrawal
148883,INF760K01JQ6,,Canara Robeco Focused Fund - Direct Plan - Growth Option
148913,INF00XX01AE2,,ITI Ultra Short Duration Fund - Direct Plan - Growth Option
148921,INF209KB1Y49,,Aditya Birla Sun Life Multi-Cap Fund-Direct Growth
148925,INF966L01AK9,,quant Quantamental Fund - Growth Option - Direct Plan
148972,INF00XX01AQ6,,ITI Value Fund - Direct Plan - Growth Option
148980,INF761K01FL3,,BANK OF INDIA Large Cap Fund Direct Plan Growth
148986,INF179KC1BG0,,HDFC Banking & Financial Services Fund - Growth Option - Direct Plan
148990,INF109KC1R14,,ICICI Prudential Flexicap Fund - Direct Plan - Growth
148993,INF846K01Z87,,Axis Quant Fund - Direct Plan - Growth
149007,INF277KA1026,,Tata Floating Rate Fund -Direct Plan-Growth
149011,INF205KA1429,,Invesco India Medium Duration Fund - Direct Plan - Growth
149019,INF663L01W06,,PGIM India Small Cap Fund - Direct Plan- Growth Option
149029,INF00XX01BC4,,ITI Dynamic Bond Fund - Direct Plan - Growth Option
149049,INF846K014A6,,Axis Floater Fund - Direct Plan - Growth
149071,INF277KA1166,,Tata Business Cycle Fund-Direct Plan-Growth
149076,INF0GCD01370,,TRUSTMF Short Duration Fund-Direct Plan-Growth
149077,,INF0GCD01388,TRUSTMF Short Duration Fund-Direct Plan-Weekly Income Distribution Cum Capital Withdrawal
149078,INF0GCD01396,INF0GCD01404,TRUSTMF Short Duration Fund-Direct Plan-Monthly Income Distribution Cum Capital Withdrawal
149079,INF0GCD01412,INF0GCD01420,TRUSTMF Short Duration Fund-Direct Plan-Quarterly Income Distribution Cum Capital Withdrawal
149085,INF760K01JW4,,Canara Robeco Value Fund - Direct Plan - Growth Option
149091,INF789F1AVA3,,UTI Focused Fund - Direct Plan - Growth Option
149094,INF204KC1121,,Nippon India Flexi Cap Fund - Direct Plan - Growth Plan - Growth Option
149104,INF174V01AS2,,Mahindra Manulife Flexi Cap Fund - Direct Plan -Growth
149112,INF769K01HN8,,Mirae Asset Money Market Fund Direct Growth
149117,INF582M01HG5,,Union Money Market Fund - Direct Plan -  Growth Option
149141,INF955L01KK1,,Baroda BNP Paribas Business Cycle Fund - Direct Plan - Growth
149166,INF846K010C0,,Axis Value Fund - Direct Plan - Growth
149185,INF174KA1HV3,,Kotak Multicap Fund-Direct Plan-Growth
149268,INF00XX01BO9,,ITI Pharma and Healthcare Fund - Direct Plan - Growth Option
149295,INF209KB14D2,,Aditya Birla Sun Life Business Cycle Fund-Direct Growth
149303,INF194KB1CL0,,BANDHAN MULTI CAP FUND - GROWTH - DIRECT PLAN
149318,INF579M01AI2,,360 ONE QUANT FUND DIRECT GROWTH
149319,INF579M01AJ0,INF579M01AK8,360 ONE QUANT FUND DIRECT INCOME DISTRIBUTION CUM CAPITAL WITHDRAWAL
149321,INF00XX01BU6,,ITI Banking and Financial Services Fund - Direct Plan - Growth Option
149329,INF204KC1303,,Nippon India Taiwan Equity Fund- Direct Plan- Growth Option
149335,INF966L01AN3,,Quant Value Fund - Growth Option  - Direct Plan
149361,INF277KA1224,,Tata Corporate Bond Fund-Direct Plan-Growth
149368,INF179KC1BS5,,HDFC Multi Cap Fund - Growth Option - Direct Plan
149383,INF846K013E0,,Axis Multicap Fund - Direct Growth
149409,INF109KC17H6,,ICICI Prudential Overnight fund - Direct Plan - Unclaimed Redemption Stable Scheme
149410,INF109KC15H0,,ICICI Prudential Overnight fund - Direct Plan - Unclaimed Redemption Transitory Scheme
149450,INF0K1H01024,,Samco Flexi Cap Fund - Direct Plan - Growth Option
149523,,INF173K01FR8,Sundaram Low Duration Fund (Formerly Known as Principal Low Duration Fund) - Direct Plan - Daily Income Distribution CUM Capital Withdrawal Option
149524,INF903JA1KA2,INF173K01FW8,Sundaram Low Duration Fund (Formerly Known as Principal Low Duration Fund) - Direct Plan - Weekly Income Distribution CUM Capital Withdrawal Option
149526,INF173K01FS6,,Sundaram Low Duration Fund (Formerly Known as Principal Low Duration Fund) - Direct Plan - Growth Option
149533,INF173K01EK6,,Sundaram Focused Fund (Formerly Known as Principal Focused Multicap Fund)- Direct Plan - Growth Option
149539,INF173K01HI3,,Sundaram Ultra Short Duration Fund (Formerly Known as Principal Ultra Short Term Fund)- Direct Plan -Growth Option
149570,INF173K01HZ7,,Sundaram ELSS Tax Saver Fund Direct Plan Growth
149587,INF173K01GP0,,Sundaram Short Duration Fund (Formerly Known as Principal Short Term Debt Fund)- Direct Plan - Growth Option
149601,INF173K01FE6,,Sundaram Aggressive Hybrid Fund (Formerly Known as Principal Hybrid Equity Fund)- Direct Plan - Growth Option
149602,INF173K01FB2,INF173K01FC0,Sundaram Aggressive Hybrid Fund(Formerly Known as Principal Hybrid Equity Fund)-Direct Plan - Monthly Income Distribution CUM Capital Withdrawal Option
149663,,INF173K01GT2,Sundaram Liquid Fund (Formerly Known as Principal Cash Management Fund )- Direct Plan - Income Distribution CUM Capital Withdrawal Option - Daily
149664,INF173K01GU0,,Sundaram Liquid Fund (Formerly Known as Principal Cash Management Fund) - Direct Plan - Growth Option
149665,,INF173K01GY2,Sundaram Liquid Fund(Formerly Known as Principal Cash Management Fund)- Direct Plan - Income Distribution CUM Capital Withdrawal Option - Weekly
149669,INF173K01FQ0,,Sundaram Multi Cap Fund (Formerly Known as Principal Multi Cap Growth Fund)-Direct Plan - Growth Option
149737,,INF903JA1JH9,Sundaram Liquid Fund (Formerly Known as Principal Cash Management Fund) Direct Principal Units
149763,INF205KA1494,,Invesco India Flexi Cap Fund - Direct Plan - Growth
149797,INF0GCD01453,,TRUST MF OVERNIGHT FUND-DIRECT PLAN-GROWTH
149826,INF192K01MK9,,JM Overnight Fund - (Direct) - Unclaimed Redemption I.E.F. - Growth Plan
149829,INF192K01MI3,,JM Overnight Fund - (Direct) - Unclaimed Redemption - Growth Plan
149841,INF174KA1IF4,,Kotak Manufacture in India Fund - Direct Plan Growth
149882,INF200KA18E2,,SBI Multicap Fund- Direct Plan- Growth option
150159,INF251K01HF3,,BARODA BNP PARIBAS ELSS Tax Saver Fund - Direct Plan - Growth Option
150169,INF251K01GJ7,,BARODA BNP PARIBAS LOW DURATION Fund - Direct Plan - Growth Option
150180,INF251K01GW0,,Baroda BNP Paribas Dynamic Bond Fund - Direct Plan - Growth Option
150187,INF251K01HN7,,BARODA BNP PARIBAS LARGE CAP Fund - Direct Plan - Growth Option
150212,INF251K01HQ0,,BARODA BNP PARIBAS Mid Cap Fund - Direct Plan - Growth Option
150237,INF251K01GP4,,BARODA BNP PARIBAS Corporate Bond Fund - Direct Plan - Growth Option
150260,INF251K01OZ7,,Baroda BNP Paribas Aggressive Hybrid Fund- DIRECT PLAN - GROWTH OPTION
150264,INF251K01PN0,,BARODA BNP PARIBAS Focused Fund - Direct Plan - Growth Option
150266,INF251K01PT7,,BARODA BNP PARIBAS India Consumption Fund - Direct Plan - Growth Option
150310,INF109KC10C2,,ICICI PRUDENTIAL HOUSING OPPORTUNITIES FUND - Direct Plan Growth
150346,INF03VN01530,,WhiteOak Capital Flexi Cap Fund Direct Plan-Growth
150369,INF0J8L01081,,NJ Overnight Fund - Direct Plan - Growth Option
150376,INF754K01OP1,,Edelweiss Focused Fund - Direct Plan - Growth
150387,INF251K01QZ2,,Baroda BNP Paribas Flexi Cap Fund - Direct Plan - Growth Option
150392,INF767K01RE0,,LIC MF Money Market Fund-Direct Plan-Growth
150404,INF194KB1DJ2,,BANDHAN MIDCAP FUND - GROWTH - DIRECT PLAN
150407,INF582M01HW2,,Union Gilt Fund - Direct Plan - Growth Option
150410,INF789F1AVR7,,UTI Gilt Fund with 10 year Constant Duration - Direct Plan - Growth Option
150440,INF966L01AT0,,quant Large Cap Fund - Growth Option - Direct Plan
150484,INF209KB17J2,,Aditya Birla Sun Life Long Duration Fund-Direct Growth
150505,INF760K01KC4,,Canara Robeco Banking and PSU Debt Fund- Direct Plan- Growth Option
150513,INF0GCD01503,,TRUSTMF MONEY MARKET FUND-DIRECT PLAN-GROWTH
150532,INF277KA1497,,Tata Housing Opportunities Fund - Direct Plan - Growth
150539,INF109KC12I5,,ICICI Prudential PSU Equity Fund - Direct Plan - Growth
150545,INF192K01MP8,,JM Short Duration Fund (Direct) - Growth
150562,INF680P01323,,Shriram Overnight Fund -  Direct Growth
150571,INF903JA1LE2,,Sundaram Flexicap Fund Direct Growth
150584,INF03VN01597,,WhiteOak Capital Mid Cap Fund Direct Plan Growth
150587,INF03VN01621,,WhiteOak Capital ELSS Tax Saver Fund Direct Plan Growth
150624,INF174KA1JN6,,Kotak Business Cycle - Direct Plan - Growth
150631,INF0K1H01040,,Samco Overnight Fund - Direct Plan - Growth Option
150659,INF767K01RK7,,LIC MF Multi Cap Fund-Direct Plan-Growth
150685,INF109KC12K1,,ICICI PRUDENTIAL TRANSPORTATION AND LOGISTICS FUND - Direct Plan - Growth
150716,INF194KB1EB7,,BANDHAN TRANSPORTATION AND LOGISTICS FUND - GROWTH - DIRECT PLAN
150797,INF03VN01696,,WhiteOak Capital Large Cap Fund Direct Plan Growth
150805,INF179KC1DY9,,HDFC Business Cycle Fund - Growth Option - Direct Plan
150815,INF192K01MV6,,JM Midcap Fund (Direct) - Growth
150817,INF760K01KI1,,Canara Robeco Mid Cap Fund- Direct Plan- Growth Option
150838,INF0K1H01065,,Samco ELSS Tax Saver Fund - Direct Plan - Growth Option
150858,INF582M01IO7,,Union Multicap Fund - Direct Plan - Growth Option
150915,INF174V01BK7,,Mahindra Manulife Small Cap Fund - Direct Plan - Growth
150996,INF917K01HN3,,HSBC Corporate Bond Fund - Direct Growth
151014,INF917K01FI7,,HSBC Gilt Fund - Direct Growth
151036,INF917K01FZ1,,HSBC Midcap Fund - Direct Growth
151040,INF917K01FW8,,HSBC Infrastructure Fund - Direct Growth
151045,INF917K01UH8,,HSBC Credit Risk Fund - Direct Growth
151054,INF917K01FE6,,HSBC Money Market Fund - Direct Growth
151067,INF917K01IQ4,,HSBC Short Duration Fund - Direct Growth
151078,INF917K01GP0,,HSBC ELSS Tax saver Fund - Direct Growth
151087,INF917K01HA0,,HSBC Dynamic Bond Fund - Direct Growth
151107,INF917K01HH5,,HSBC Banking and PSU Debt Fund - Direct Growth
151113,INF917K01HD4,,HSBC Value Fund - Direct Growth
151117,INF917K01GM7,,HSBC Low Duration Fund - Direct Growth
151122,INF917K01LE4,,HSBC Aggressive Hybrid Fund - Direct Growth
151130,INF917K01QA1,,HSBC Small Cap Fund - Direct Growth
151142,INF917K01RI2,,HSBC Business Cycles Fund - Direct Growth
151146,INF917K01TK4,,HSBC Medium Duration Fund - Direct Growth
151165,INF579M01AN2,,360 ONE ELSS Tax Saver Nifty 50 Index Fund - Direct Plan - Growth
151179,INF846K014L3,,Axis Long Duration Fund - Direct Plan - Growth
151190,INF966L01AZ7,,quant Overnight Fund - Growth Option - Direct Plan
151214,INF200KA16T4,,SBI Long Duration Fund - Direct Plan - Growth
151228,INF966L01BF7,,quant Gilt Fund - Growth Option - Direct Plan
151232,INF277KA1679,,Tata Multicap Fund - Direct Plan - Growth
151290,INF336L01QN5,,HSBC Multi Cap Fund - Direct - Growth
151313,INF179KC1ET7,,HDFC Long Duration Debt Fund - Growth Option - Direct Plan
151320,INF0GCD01560,,TRUSTMF CORPORATE BOND FUND-DIRECT PLAN-GROWTH
151368,INF846K016N4,,Axis Business Cycles Fund - Direct Plan - Growth
151379,INF00XX01CO7,,ITI Flexi Cap Fund- Direct Plan- Growth
151384,INF174KA1MD1,,Kotak Banking & Financial Services Fund - Direct Plan - Growth
151412,INF769K01JJ2,,Mirae Asset Flexi Cap Fund - Direct Plan - Growth
151443,INF761K01FR0,,Bank of India Multi Cap Fund Direct Plan - Growth
151458,INF179KC1FC0,,HDFC MNC Fund - Growth Option - Direct Plan
151471,INF959L01GR6,,NAVI ELSS TAX SAVER NIFTY 50 INDEX FUND - DIRECT PLAN GROWTH
151523,INF789F1AYB5,,UTI Long Duration Fund - Direct Plan - Growth Option
151580,INF109KC12T2,,ICICI Prudential Innovation Fund - Direct Plan - Growth
151611,INF0J8L01115,,NJ ELSS Tax Saver Scheme Direct Growth
151750,INF179KC1GI5,,HDFC Defence Fund - Growth Option - Direct Plan
151753,INF0K1H01081,,Samco Active Momentum Fund - Direct Plan - Growth Option
151755,INF251K01SD5,,Baroda BNP Paribas Value Fund - Direct Plan - Growth option
151757,INF966L01BR2,,quant Business Cycle Fund - Growth Option - Direct Plan
151777,INF00XX01CS8,,ITI Focused Fund - Direct Plan - Growth
151791,INF966L01BX0,,quant BFSI Fund - Growth Option - Direct Plan
151796,INF579M01AS1,,360 ONE FLEXICAP FUND-DIRECT PLAN- GROWTH
151804,INF179KC1GO3,,HDFC Consumption Fund - Growth Option - Direct Plan
151810,INF769K01KK8,,Mirae Asset Multicap Fund - Direct Plan - Growth
151816,INF194KB1GB2,,BANDHAN FINANCIAL SERVICES FUND - DIRECT PLAN - GROWTH
151824,INF760K01KO9,,Canara Robeco Multi Cap Fund - Direct Plan - Growth Option
151833,INF0QA701011,,Bajaj Finserv Liquid Fund - Direct Plan - Growth
151849,INF0QA701177,,Bajaj Finserv Overnight Fund - Direct Plan - Growth
151853,INF966L01CD0,,quant Healthcare Fund - Growth Option - Direct Plan
151881,INF174KA1OL0,,Kotak Quant Fund - Direct Plan - Growth Option
151889,INF0QA701334,,Bajaj Finserv Money Market Fund-Direct Plan-Growth
151895,INF0QA701342,,Bajaj Finserv Flexi Cap Fund-Direct Plan-Growth
151901,INF179KC1GU0,,HDFC Transportation and Logistics Fund - Growth Option - Direct Plan
151905,INF582M01JE6,,Union Innovation & Opportunities Fund - Direct Plan - Growth Option
151916,INF966L01CJ7,,quant Manufacturing Fund - Growth Option - Direct Plan
151917,INF0J8L01156,,NJ Flexi Cap Fund - Direct Plan - Growth Option
152002,INF397L01JK8,,LIC MF Mid Cap Fund-Direct Plan-Growth
152004,INF397L01JS1,,LIC MF Small Cap Fund-Direct Plan-Growth
152010,INF397L01KA7,,LIC MF Focused Fund-Direct Plan-Growth
152018,INF397L01KU5,,LIC MF Value Fund-Direct Plan-Growth
152024,INF397L01LK4,,LIC MF Healthcare Fund-Direct Plan-Growth
152032,INF336L01QZ9,,HSBC Consumption Fund - Direct Growth
152033,INF204KC1BO3,,Nippon India Innovation Fund-Direct Plan-Growth Option
152045,INF174V01BQ4,,Mahindra Manulife Business Cycle Fund - Direct Plan - Growth
152059,INF179KC1HI3,,HDFC Technology Fund - Growth Option - Direct Plan
152067,INF966L01CT6,,quant Teck Fund - Growth Option - Direct Plan
152071,INF03VN01803,,WhiteOak Capital Multi Cap Fund Direct Plan Growth
152082,INF179KC1HO1,,HDFC Pharma and Healthcare Fund - Growth Option - Direct Plan
152087,INF789F1AZA4,,UTI Innovation Fund - Direct Plan - Growth Option
152094,INF754K01SD8,,Edelweiss Multi Cap Fund - Direct Plan - Growth
152107,INF082J01432,,QUANTUM SMALL CAP FUND - DIRECT PLAN GROWTH OPTION
152128,INF251K01SR5,,Baroda BNP Paribas Small Cap Fund - Direct Plan - Growth option
152135,INF0R8701046,,Helios Flexi Cap Fund - Direct Plan - Growth Option
152152,INF0R8701079,,Helios Overnight Fund - Direct Plan - Growth Option
152158,INF209KB15X7,,Aditya Birla Sun Life Transportation and Logistics Fund-Direct Growth
152162,INF0QA701607,,Bajaj Finserv Banking and PSU Fund-Direct Plan- Growth
152169,INF174KA1PP8,,Kotak Consumption Fund - Direct plan - Growth Option
152189,INF966L01CZ3,,quant Momentum Fund - Growth Option - Direct Plan
152202,INF846K016S3,,Axis India Manufacturing Fund - Direct Plan - Growth
152206,INF740KA1TQ3,,DSP Banking & Financial Services Fund - Direct - Growth
152214,INF174KA1PZ7,,Kotak Healthcare Fund - Direct Plan - Growth Option
152226,INF03VN01845,,Whiteoak Capital Large & Mid Cap Fund Direct Plan Growth
152237,INF247L01BY3,,Motilal Oswal Small Cap Fund - Direct - Growth
152254,INF666M01HS1,,Groww Banking & Financial Services Fund - Direct Plan - Growth
152255,INF966L01DF3,,quant Commodities Fund - Growth Option - Direct Plan
152310,INF740KA1UC1,,DSP Multicap Fund - Direct - Growth
152321,INF03VN01860,,WhiteOak Capital Banking & Financial Services Fund - Direct Growth
152336,INF966L01DN7,,quant Consumption Fund - Growth Option - Direct Plan
152349,INF03VN01886,,WhiteOak Capital Pharma and Heathcare Fund Direct Plan Growth
152354,INF247L01CE3,,Motilal Oswal Large Cap Direct Plan Growth
152358,INF0S5R01042,,Old Bridge Focused Fund - Direct Growth
152382,INF663L01Y12,,PGIM India Large and Midcap Fund - Direct Plan - Growth Option
152408,INF0QA701763,,Bajaj Finserv Large and Mid Cap Fund- Direct Plan- Growth
152409,INF582M01JQ0,,Union Business Cycle Fund - Direct Plan - Growth Option
152415,INF966L01DT4,,quant PSU Fund - Growth Option - Direct Plan
152417,INF200KB1126,,SBI Energy Opportunities Fund - Direct Plan - Growth
152420,INF200KB1134,INF200KB1142,SBI Energy Opportunities Fund - Direct Plan - Income Distribution Cum Capital Withdrawal Option
152437,INF754K01SK3,,Edelweiss Technology Fund - Direct Plan - Growth
152449,INF760K01KY8,INF760K01KX0,Canara Robeco Manufacturing Fund - Direct Plan - IDWC Option
152450,INF760K01KZ5,,Canara Robeco Manufacturing Fund - Direct Plan - Growth Option
152462,INF174KA1QZ5,,Kotak Technology Fund - Direct Plan - Growth Option
152470,INF251K01TE1,,Baroda BNP Paribas Innovation Fund Direct plan - Growth Option
152491,INF174KA1RF5,,Kotak Long Duration Fund - Direct Plan - Growth
152520,INF194KB1HY2,,Bandhan Long Duration Fund - Direct Plan - Growth
152584,INF0GCD01743,,TRUSTMF Flexi Cap Fund-Direct Plan- Growth
152586,INF0K1H01180,,Samco Special Opportunities Fund - Direct Plan - Growth
152600,INF179KC1II1,,HDFC Manufacturing fund - Growth Option - Direct Plan
152607,INF194KB1IE2,,Bandhan Innovation Fund - Direct Plan - Growth
152614,INF192K01NH3,,JM Small Cap Fund (Direct) - Growth Option
152644,INF03VN01902,,WhiteOak Capital Special Opportunities Fund - Direct Growth
152651,INF247L01CL8,,Motilal Oswal Multi Cap Fund-Direct Plan Growth
152655,INF200KB1191,INF200KB1209,SBI Automotive Opportunities Fund - Direct Plan - Income Distribution Cum Capital Withdrawal Option
152657,INF200KB1183,,SBI Automotive Opportunities Fund - Direct Plan - Growth
152672,INF174V01CC2,,Mahindra Manulife Manufacturing Fund - Direct Plan - Growth
152677,INF903JA1LQ6,,Sundaram Business Cycle Fund Direct Plan Growth
152679,INF0R8701202,,Helios Financial Services Fund - Direct Plan - Growth Option
152684,INF209KC1118,,Aditya Birla Sun Life Quant Fund - Direct Growth
152694,INF247L01CS3,,Motilal Oswal Quant Fund - Direct - Growth
152697,INF251K01TP7,,Baroda BNP Paribas Manufacturing Fund - Direct Plan - Growth Option
152702,INF174KA1SF3,,Kotak Special Opportunities Fund - Direct Plan - Growth Option
152710,INF754K01TA2,,Edelweiss Business Cycle Fund - Direct Plan - Growth
152728,INF109KC12W6,,ICICI PRUDENTIAL ENERGY OPPORTUNITIES FUND - Direct Plan - Growth
152739,INF090I01XA7,,Franklin India Multi Cap Fund - Direct - Growth
152756,INF205KA1908,,Invesco India Manufacturing Fund - Direct Plan - Growth
152760,INF247L01DA9,,Motilal Oswal Manufacturing Fund - Direct Plan- Growth
152776,INF200KB1324,,SBI Innovative Opportunities Fund - Direct Plan - Growth
152777,INF200KB1332,INF200KB1340,SBI Innovative Opportunities Fund - Direct Plan - Income Distribution Cum Capital Withdrawal Option
152783,INF0QA701896,,BAJAJ FINSERV LARGE CAP FUND - DIRECT PLAN - GROWTH
152789,INF761K01GF3,,Bank of India Business Cycle Fund - Direct Plan - Growth
152796,INF247L01DG6,,Motilal Oswal Business Cycle Fund - Direct Plan- Growth
152805,INF846K013X0,,Axis Consumption Fund Direct Plan - Growth
152815,INF663L01Z03,,PGIM India Multi Cap Fund - Direct Plan - Growth Option
152821,INF00XX01DA4,,ITI Large & Midcap Fund - Direct Plan - Growth
152825,INF090I01XL4,,Franklin India Ultra Short Duration Fund - Direct - Growth
152829,INF336L01RO1,,HSBC India Export Opportunities Fund - Direct Growth
152847,INF0K1H01198,,Samco Multi Cap Fund - Direct Plan - Growth
152851,INF090I01XG4,,Franklin India Medium to Long Duration Fund - Direct Growth
152863,INF205KA1965,,Invesco India Technology Fund - Direct Plan - Growth
152878,INF194KB1IQ6,,Bandhan Business Cycle Fund - Direct Plan - Growth
152910,INF174KA1TG9,,Kotak MNC Fund-Direct Plan-Growth
152915,INF03VN01936,,WhiteOak Capital Digital Bharat Fund Direct Plan Growth
152920,INF767K01RR2,,LIC MF Manufacturing Fund-Direct Plan-Growth
152939,INF0GCD01800,,TRUSTMF SMALL CAP FUND -DIRECT PLAN-GROWTH
152941,INF0R8701269,,Helios Large & Mid Cap Fund - Direct Plan - Growth Option
152962,INF03VN01951,,WhiteOak Capital ESG Best-In-Class Strategy Fund Direct Plan Growth
152964,INF247L01DN2,,Motilal Oswal Digital India Fund - Direct Plan - Growth
153034,INF666M01JD9,,Groww Multicap Fund - Direct - Growth
153035,INF680P01430,,Shriram Liquid Fund - Direct Plan Growth Option
153039,INF663L01Z45,,PGIM India Healthcare Fund - Direct Plan - Growth Option
153055,INF277KA1CU2,,Tata India Innovation Fund- Direct Growth
153070,INF109KC10Y6,,ICICI Prudential Equity Minimum Variance Fund - Direct Plan - Growth
153075,INF0QA701946,,BAJAJ FINSERV CONSUMPTION FUND - DIRECT - GROWTH
153076,INF680P01455,,Shriram Multi Sector Rotation Fund - Direct Plan Growth Option
153083,INF846K011Z9,,Axis Momentum Fund - Direct Plan - Growth Option
153094,INF082J01473,,Quantum Ethical Fund - Direct Plan Growth Option
153102,INF090I01XY7,,Franklin India Long Duration Fund - Direct - Growth
153105,INF769K01NC9,,Mirae Asset Long Duration Fund - Direct Plan - Growth
153109,INF582M01KG9,,Union Active Momentum Fund - Direct Plan - Growth Option
153118,INF174KA1TS4,,Kotak Transportation & Logistics Fund-Direct Growth
153121,INF740KA1UX7,,DSP Business Cycle Fund - Direct - Growth
153124,INF209KC1373,,Aditya Birla Sun Life Conglomerate Fund-Direct Growth
153139,INF761K01GI7,,Bank of India Consumption Fund - Direct - Growth
153154,INF200KB1506,,SBI Quant Fund- Direct Plan- Growth
153157,INF0QA701AB9,,BAJAJ FINSERV HEALTHCARE FUND - DIRECT - GROWTH
153184,INF109KC12Z9,,ICICI Prudential Rural Opportunities Fund - Direct Plan - Growth
153189,INF03VN01977,,WhiteOak Capital Quality Equity Fund Direct Plan Growth
153196,INF769K01NJ4,,Mirae Asset Small Cap Fund - Direct Plan - Growth
153201,INF0QA701AK0,,BAJAJ FINSERV ELSS TAX SAVER FUND - DIRECT - GROWTH
153204,INF789F1AA98,,UTI Quant Fund - Direct Plan - Growth Option
153206,INF0QA701AP9,,Bajaj Finserv Gilt Fund - Direct - Growth
153214,INF754K01TY2,,Edelweiss Consumption Fund - Direct - Growth
153225,INF251K01UJ8,,Baroda BNP Paribas Energy Opportunities Fund - Direct Plan - Growth Option
153239,INF0K1H01255,,Samco Large Cap Fund - Direct Plan - Growth Option
153242,INF582M01KO3,,Union Short Duration Fund - Direct Plan - Growth Option
153258,INF247L01EJ8,,Motilal Oswal Innovation Opportunities Fund - Direct Plan- Growth
153260,INF00XX01DG1,,ITI Bharat Consumption Fund - Direct Plan - Growth
153266,INF336L01RU8,,HSBC Financial Services Fund - Direct Growth
153274,INF204KC1EK5,,Nippon India Active Momentum Fund-Direct Plan - Growth Option
153291,INF205KA1AI8,,Invesco India Business Cycle Fund - Direct Plan - Growth
153294,INF761K01GO5,,Bank of India Money Market Fund - Direct - Growth
153303,INF174V01CI9,,Mahindra Manulife Value Fund - Direct Plan - Growth
153309,INF0QA701AV7,,BAJAJ FINSERV MULTI CAP FUND - DIRECT - GROWTH
153326,INF0R8701327,,Helios Mid Cap Fund - Direct Plan - Growth Option
153364,INF247L01EP5,,Motilal Oswal Active Momentum Fund- Direct-Growth
153368,INF090I01YE7,,Franklin India Low Duration Fund-Direct-Growth
153416,INF754K01UP8,,Edelweiss Low Duration Fund - Direct Plan Growth
153436,INF0R8F01075,,Zerodha Overnight Fund - Direct Plan - Growth Option
153438,INF0QA701AF0,,Bajaj Finserv Overnight Fund - Direct - Unclaimed less than 3 years Redemption Plan
153447,INF174KA1VX0,,Kotak Energy Opportunities Fund-Direct-Growth
153458,INF109K1A187,,ICICI Prudential Quality Fund - Direct Plan - Growth
153477,INF666M01KK2,,Groww Gilt Fund - Direct - Growth
153484,INF247L01EW1,,Motilal Oswal Infrastructure Fund-Direct-Growth
153515,INF789F1AB89,,UTI Multi Cap Fund - Direct Plan - Growth Option
153534,INF0K1H01271,,Samco Large & Mid Cap Fund - Direct Plan - Growth Option
153543,INF1MIY01031,,Unifi Flexi Cap Fund - Direct Growth
153558,INF247L01FE6,,Motilal Oswal Services Fund - Direct Plan - Growth
153570,INF1MIY01056,,Unifi Liquid Fund- Direct Growth
153585,INF174KA1WL3,INF174KA1WJ7,Kotak Liquid Fund - Direct Plan - Weekly - Reinvestment & Payout of Income Distribution cum capital withdrawal option
153604,INF251K01VA5,,Baroda BNP Paribas Health and Wellness Fund Direct Growth
153612,INF0QA701BN2,,BAJAJ FINSERV SMALL CAP FUND - DIRECT - GROWTH
153620,INF179KC1JO7,,HDFC INNOVATION FUND - DIRECT PLAN - GROWTH OPTION
153624,INF846KA1168,,Axis Services Opportunities Fund - Direct Plan - Growth Option
153629,INF192K01NK7,,JM Large & Mid Cap Fund (Direct) - Growth Option
153644,INF0GCD01834,,TRUSTMF MULTI CAP FUND -DIRECT PLAN-GROWTH
153649,INF22M001028,,JioBlackRock Money Market Fund - Direct Plan - Growth Option
153650,INF22M001036,,JioBlackRock Overnight Fund - Direct Plan - Growth Option
153651,INF22M001010,,JioBlackRock Liquid Fund - Direct Plan - Growth Option
153654,INF582M01LQ6,,Union Low Duration Fund - Direct Plan - Growth Option
153669,INF903JA1LV6,,Sundaram Multi-Factor Fund - Direct - Growth
153674,INF174V01CO7,,Mahindra Manulife Banking & Financial Services Fund - Direct - Growth
153684,INF109K1A385,,ICICI Prudential Active Momentum Fund - Direct Plan - Growth
153693,INF204KC1FR7,,Nippon India MNC Fund- Direct Plan- Growth Option
153703,INF579M01BG4,,360 ONE Overnight Fund - Direct Plan - Growth
153722,INF194KB1JX0,,Bandhan Multi-Factor Fund - Direct Plan - Growth
153728,INF761K01GY4,,Bank of India Mid Cap Fund - Direct Plan Growth
153738,INF226401018,,CAPITALMIND FLEXI CAP FUND DIRECT GROWTH
153749,INF247L01FS6,,Motilal Oswal Special Opportunities Fund - Direct - Growth
153753,INF174KA1XA4,,Kotak Active Momentum Fund - Direct Plan - Growth option
153847,INF251K01VJ6,,Baroda BNP Paribas Business Conglomerates Fund Direct Growth Option
153859,INF22M001093,,JioBlackRock Flexi Cap Fund - Direct Plan - Growth Option
153867,INF109K1A427,,ICICI Prudential Conglomerate Fund - Direct Plan - Growth
153868,INF0K1H01297,,Samco Small Cap Fund - Direct Plan
153872,INF2F0001040,,THE WEALTH COMPANY FLEXI CAP FUND - DIRECT GROWTH
153883,INF2F0001081,,THE WEALTH COMPANY LIQUID FUND DIRECT GROWTH
153887,,INF2F0001073,THE WEALTH COMPANY LIQUID FUND DIRECT DAILY ICDW
153889,INF2F0001123,INF2F0001115,THE WEALTH COMPANY LIQUID FUND DIRECT WEEKLY
153895,INF2F0001214,,THE WEALTH COMPANY ETHICAL FUND DIRECT GROWTH
153900,INF205KA1BI6,,Invesco India Consumption Fund - Direct Plan - Growth
153912,INF0R8701384,,Helios Small Cap Fund - Direct Plan - Growth Option
153913,INF247L01GA2,,Motilal Oswal Consumption Fund-Direct-Growth
153937,INF0QA701BZ6,,Bajaj Finserv Banking and Financial Services Fund - Direct - Growth
153942,INF090I01YQ1,,Franklin India Multi-Factor Fund- Direct- Growth
153948,INF767K01SD0,,LIC MF Consumption Fund-Direct Plan-Growth
153970,INF174KA1XW8,,Kotak Rural Opportunities Fund - Direct Plan - Growth
153972,INF194KB1KF5,,Bandhan Healthcare Fund - Direct Plan - Growth
153982,INF666M01MW3,,Groww Money Market Fund Direct Growth
153983,INF769K01PV4,,Mirae Asset Infrastructure Fund - Direct Plan - Growth
154011,INF226401034,,Capitalmind Liquid Fund - Direct-Growth
154020,INF582M01MH3,,Union Consumption Fund - Direct Plan - Growth Option
154043,INF2JJD01136,,Abakkus Flexi Cap Fund - Direct - Growth
154051,INF2JJD01029,,Abakkus Liquid Fund - Direct Plan - Growth
154063,INF666M01NJ8,,Groww Small Cap Fund-Direct-Growth
154079,INF22M001143,,JioBlackRock Short Duration Fund - Direct Plan - Growth Option
154081,INF22M001150,,JioBlackRock Low Duration Fund - Direct Plan - Growth Option
154082,INF22M001168,,JioBlackRock Sector Rotation Fund - Direct Plan - Growth Option
154093,INF761K01HE4,,Bank of India Banking & Financial Services Fund - Direct Plan - Growth
154108,INF754K01WH1,,Edelweiss Financial Services Fund - Direct Plan - Growth Option
154114,INF0K1H01313,,Samco Mid Cap Fund - Direct Plan
154121,INF174V01DA4,,Mahindra Manulife Innovation Opportunities Fund - Direct - Growth
154142,INF247L01GN5,,Motilal Oswal Financial Services Fund- Direct Growth
154144,INF680P01471,,Shriram Money Market Fund - Direct Plan Growth Option
154149,INF174KA1YV8,,Kotak Services Fund - Direct - Growth
154155,INF879O01332,,Parag Parikh Large Cap Fund - Direct Plan - Growth
154157,INF00XX01DM9,,ITI Business Cycle Fund- Direct Plan- Growth
154161,INF03VN01AD3,,WhiteOak Capital Consumption Opportunities Fund Direct Plan Growth
154177,INF200KB1AG6,,SBI Quality Fund - Direct Plan - Growth
154178,INF200KB1AH4,INF200KB1AI2,SBI Quality Fund - Direct Plan - Income Distribution Cum Capital Withdrawal
154195,INF251K01VP3,,Baroda BNP Paribas Best-in-Class Strategy Fund - Direct - Growth Option
154204,INF0QA701CF6,,Bajaj Finserv Low Duration Fund - Direct - Growth
154210,INF0GCD01875,,TRUSTMF MID CAP FUND -DIRECT -GROWTH
154215,INF2JJD01177,,Abakkus Small Cap Fund - Direct Plan - Growth
154225,INF0S5R01133,,Old Bridge Flexi Cap Fund Direct Growth
154244,INF767K01SJ7,,LIC MF Technology Fund-Direct Plan-Growth
154250,INF760K01LN9,,Canara Robeco Banking and Financials Services Fund - Direct Plan - Growth
154269,INF2F0001537,,The Wealth Company Small Cap Fund- Direct-Growth
